[{"model": "admin.logentry", "pk": 3, "fields": {"action_time": "2023-06-21T15:20:12.582Z", "user": 12, "content_type": 4, "object_id": "3", "object_repr": "admin", "action_flag": 3, "change_message": ""}}, {"model": "admin.logentry", "pk": 4, "fields": {"action_time": "2023-06-21T15:20:12.584Z", "user": 12, "content_type": 4, "object_id": "4", "object_repr": "dima", "action_flag": 3, "change_message": ""}}, {"model": "admin.logentry", "pk": 5, "fields": {"action_time": "2023-06-21T15:20:12.585Z", "user": 12, "content_type": 4, "object_id": "5", "object_repr": "user1", "action_flag": 3, "change_message": ""}}, {"model": "admin.logentry", "pk": 6, "fields": {"action_time": "2023-06-21T15:20:12.586Z", "user": 12, "content_type": 4, "object_id": "6", "object_repr": "user2", "action_flag": 3, "change_message": ""}}, {"model": "admin.logentry", "pk": 7, "fields": {"action_time": "2023-06-21T15:20:12.587Z", "user": 12, "content_type": 4, "object_id": "7", "object_repr": "user3", "action_flag": 3, "change_message": ""}}, {"model": "admin.logentry", "pk": 8, "fields": {"action_time": "2023-06-21T15:20:12.588Z", "user": 12, "content_type": 4, "object_id": "8", "object_repr": "user4", "action_flag": 3, "change_message": ""}}, {"model": "admin.logentry", "pk": 9, "fields": {"action_time": "2023-06-21T15:20:12.589Z", "user": 12, "content_type": 4, "object_id": "9", "object_repr": "user5", "action_flag": 3, "change_message": ""}}, {"model": "admin.logentry", "pk": 10, "fields": {"action_time": "2023-06-21T15:20:12.590Z", "user": 12, "content_type": 4, "object_id": "10", "object_repr": "user6", "action_flag": 3, "change_message": ""}}, {"model": "admin.logentry", "pk": 11, "fields": {"action_time": "2023-06-21T15:20:12.591Z", "user": 12, "content_type": 4, "object_id": "11", "object_repr": "user7", "action_flag": 3, "change_message": ""}}, {"model": "admin.logentry", "pk": 12, "fields": {"action_time": "2023-06-21T15:20:51.911Z", "user": 12, "content_type": 4, "object_id": "13", "object_repr": "dima", "action_flag": 1, "change_message": "[{\"added\": {}}]"}}, {"model": "admin.logentry", "pk": 13, "fields": {"action_time": "2023-06-21T15:21:25.617Z", "user": 12, "content_type": 4, "object_id": "13", "object_repr": "dima", "action_flag": 2, "change_message": "[{\"changed\": {\"fields\": [\"First name\", \"Last name\", \"Email address\"]}}]"}}, {"model": "admin.logentry", "pk": 14, "fields": {"action_time": "2023-06-21T15:21:34.432Z", "user": 12, "content_type": 4, "object_id": "14", "object_repr": "maria", "action_flag": 1, "change_message": "[{\"added\": {}}]"}}, {"model": "admin.logentry", "pk": 15, "fields": {"action_time": "2023-06-21T15:21:59.266Z", "user": 12, "content_type": 4, "object_id": "14", "object_repr": "maria", "action_flag": 2, "change_message": "[{\"changed\": {\"fields\": [\"First name\", \"Last name\", \"Email address\"]}}]"}}, {"model": "admin.logentry", "pk": 16, "fields": {"action_time": "2023-06-21T15:24:26.458Z", "user": 12, "content_type": 4, "object_id": "16", "object_repr": "jinger", "action_flag": 1, "change_message": "[{\"added\": {}}]"}}, {"model": "admin.logentry", "pk": 17, "fields": {"action_time": "2023-06-21T15:24:48.834Z", "user": 12, "content_type": 4, "object_id": "16", "object_repr": "jinger", "action_flag": 2, "change_message": "[{\"changed\": {\"fields\": [\"First name\", \"Last name\", \"Email address\"]}}]"}}, {"model": "admin.logentry", "pk": 18, "fields": {"action_time": "2023-06-21T15:25:11.473Z", "user": 12, "content_type": 4, "object_id": "17", "object_repr": "hexen", "action_flag": 1, "change_message": "[{\"added\": {}}]"}}, {"model": "admin.logentry", "pk": 19, "fields": {"action_time": "2023-06-21T15:25:33.596Z", "user": 12, "content_type": 4, "object_id": "17", "object_repr": "hexen", "action_flag": 2, "change_message": "[{\"changed\": {\"fields\": [\"First name\", \"Last name\", \"Email address\"]}}]"}}, {"model": "admin.logentry", "pk": 20, "fields": {"action_time": "2023-06-21T15:25:43.890Z", "user": 12, "content_type": 4, "object_id": "18", "object_repr": "travor", "action_flag": 1, "change_message": "[{\"added\": {}}]"}}, {"model": "admin.logentry", "pk": 21, "fields": {"action_time": "2023-06-21T15:26:00.949Z", "user": 12, "content_type": 4, "object_id": "18", "object_repr": "travor", "action_flag": 2, "change_message": "[{\"changed\": {\"fields\": [\"First name\", \"Last name\", \"Email address\"]}}]"}}, {"model": "admin.logentry", "pk": 22, "fields": {"action_time": "2023-06-21T15:26:17.899Z", "user": 12, "content_type": 4, "object_id": "19", "object_repr": "lovereign", "action_flag": 1, "change_message": "[{\"added\": {}}]"}}, {"model": "admin.logentry", "pk": 23, "fields": {"action_time": "2023-06-21T15:26:47.807Z", "user": 12, "content_type": 4, "object_id": "19", "object_repr": "lovereign", "action_flag": 2, "change_message": "[{\"changed\": {\"fields\": [\"First name\", \"Last name\", \"Email address\"]}}]"}}, {"model": "admin.logentry", "pk": 24, "fields": {"action_time": "2023-06-21T15:27:43.987Z", "user": 12, "content_type": 4, "object_id": "20", "object_repr": "lettuce", "action_flag": 1, "change_message": "[{\"added\": {}}]"}}, {"model": "admin.logentry", "pk": 25, "fields": {"action_time": "2023-06-21T15:28:09.469Z", "user": 12, "content_type": 4, "object_id": "20", "object_repr": "lettuce", "action_flag": 2, "change_message": "[{\"changed\": {\"fields\": [\"First name\", \"Last name\", \"Email address\"]}}]"}}, {"model": "admin.logentry", "pk": 26, "fields": {"action_time": "2023-06-23T12:54:03.725Z", "user": 12, "content_type": 15, "object_id": "15", "object_repr": "Igor (2019) - Tyler, The Creator - Love ", "action_flag": 2, "change_message": "[{\"changed\": {\"fields\": [\"Creator\"]}}]"}}, {"model": "admin.logentry", "pk": 27, "fields": {"action_time": "2023-06-23T12:54:10.675Z", "user": 12, "content_type": 15, "object_id": "11", "object_repr": "When We All Fall Asleep, Where Do We Go? (2019) - Billie Eilish - Salad ", "action_flag": 2, "change_message": "[{\"changed\": {\"fields\": [\"Creator\"]}}]"}}, {"model": "admin.logentry", "pk": 28, "fields": {"action_time": "2023-06-23T12:54:15.373Z", "user": 12, "content_type": 15, "object_id": "48", "object_repr": "Endless Summer Vacation (2023) - Miley Cyrus - Salad ", "action_flag": 2, "change_message": "[{\"changed\": {\"fields\": [\"Creator\"]}}]"}}, {"model": "admin.logentry", "pk": 29, "fields": {"action_time": "2023-06-23T12:54:18.807Z", "user": 12, "content_type": 15, "object_id": "28", "object_repr": "Igor (2019) - Tyler, The Creator - Hexen ", "action_flag": 2, "change_message": "[]"}}, {"model": "admin.logentry", "pk": 30, "fields": {"action_time": "2023-06-23T12:54:28.922Z", "user": 12, "content_type": 15, "object_id": "29", "object_repr": "Invasion Of Privacy (2018) - Cardi B - Love ", "action_flag": 2, "change_message": "[{\"changed\": {\"fields\": [\"Creator\"]}}]"}}, {"model": "admin.logentry", "pk": 31, "fields": {"action_time": "2023-06-23T12:54:35.232Z", "user": 12, "content_type": 15, "object_id": "24", "object_repr": "When We All Fall Asleep, Where Do We Go? (2019) - Billie Eilish - Hexen ", "action_flag": 2, "change_message": "[{\"changed\": {\"fields\": [\"Creator\"]}}]"}}, {"model": "admin.logentry", "pk": 32, "fields": {"action_time": "2023-06-23T12:54:46.961Z", "user": 12, "content_type": 15, "object_id": "23", "object_repr": "Ag├╝ita (2020) - Gabriel Garz├│n-Montano - Dima ", "action_flag": 2, "change_message": "[{\"changed\": {\"fields\": [\"Creator\", \"Rating\"]}}]"}}, {"model": "admin.logentry", "pk": 33, "fields": {"action_time": "2023-06-23T12:54:56.790Z", "user": 12, "content_type": 15, "object_id": "17", "object_repr": "Hollywood's Bleeding (2019) - Post Malone - Maria ", "action_flag": 2, "change_message": "[{\"changed\": {\"fields\": [\"Creator\"]}}]"}}, {"model": "admin.logentry", "pk": 34, "fields": {"action_time": "2023-06-23T12:55:00.683Z", "user": 12, "content_type": 15, "object_id": "17", "object_repr": "Hollywood's Bleeding (2019) - Post Malone - Maria ", "action_flag": 2, "change_message": "[]"}}, {"model": "admin.logentry", "pk": 35, "fields": {"action_time": "2023-06-23T12:55:07.826Z", "user": 12, "content_type": 15, "object_id": "14", "object_repr": "Quadrophenia (1973) - The Who - Dima ", "action_flag": 2, "change_message": "[{\"changed\": {\"fields\": [\"Creator\"]}}]"}}, {"model": "admin.logentry", "pk": 36, "fields": {"action_time": "2023-06-23T12:55:20.699Z", "user": 12, "content_type": 15, "object_id": "37", "object_repr": "Eternal Atake (2020) - Lil Uzi Vert - Jinger ", "action_flag": 2, "change_message": "[{\"changed\": {\"fields\": [\"Creator\"]}}]"}}, {"model": "admin.logentry", "pk": 37, "fields": {"action_time": "2023-06-23T12:55:28.117Z", "user": 12, "content_type": 15, "object_id": "45", "object_repr": "Eminem Is Back (2004) - Eminem -  ", "action_flag": 2, "change_message": "[]"}}, {"model": "admin.logentry", "pk": 38, "fields": {"action_time": "2023-06-23T12:55:46.663Z", "user": 12, "content_type": 4, "object_id": "15", "object_repr": "admin", "action_flag": 2, "change_message": "[{\"changed\": {\"fields\": [\"First name\", \"Last name\"]}}]"}}, {"model": "admin.logentry", "pk": 39, "fields": {"action_time": "2023-06-23T12:56:01.894Z", "user": 12, "content_type": 4, "object_id": "12", "object_repr": "superadmin", "action_flag": 2, "change_message": "[{\"changed\": {\"fields\": [\"First name\", \"Last name\"]}}]"}}, {"model": "admin.logentry", "pk": 40, "fields": {"action_time": "2023-06-23T12:56:32.750Z", "user": 12, "content_type": 16, "object_id": "25", "object_repr": "Drake (11)", "action_flag": 3, "change_message": ""}}, {"model": "admin.logentry", "pk": 41, "fields": {"action_time": "2023-06-23T12:56:32.752Z", "user": 12, "content_type": 16, "object_id": "27", "object_repr": "Drake (12)", "action_flag": 3, "change_message": ""}}, {"model": "admin.logentry", "pk": 42, "fields": {"action_time": "2023-06-23T12:56:32.753Z", "user": 12, "content_type": 16, "object_id": "31", "object_repr": "Drake (14)", "action_flag": 3, "change_message": ""}}, {"model": "admin.logentry", "pk": 43, "fields": {"action_time": "2023-06-23T12:56:32.753Z", "user": 12, "content_type": 16, "object_id": "28", "object_repr": "Drake (15)", "action_flag": 3, "change_message": ""}}, {"model": "admin.logentry", "pk": 44, "fields": {"action_time": "2023-06-23T12:56:32.754Z", "user": 12, "content_type": 16, "object_id": "32", "object_repr": "Drake (18)", "action_flag": 3, "change_message": ""}}, {"model": "admin.logentry", "pk": 45, "fields": {"action_time": "2023-06-23T12:56:32.756Z", "user": 12, "content_type": 16, "object_id": "29", "object_repr": "Drake (2)", "action_flag": 3, "change_message": ""}}, {"model": "admin.logentry", "pk": 46, "fields": {"action_time": "2023-06-23T12:56:32.757Z", "user": 12, "content_type": 16, "object_id": "30", "object_repr": "Drake (4)", "action_flag": 3, "change_message": ""}}, {"model": "admin.logentry", "pk": 47, "fields": {"action_time": "2023-06-23T12:56:32.758Z", "user": 12, "content_type": 16, "object_id": "26", "object_repr": "Drake (7)", "action_flag": 3, "change_message": ""}}, {"model": "admin.logentry", "pk": 48, "fields": {"action_time": "2023-06-23T12:56:43.788Z", "user": 12, "content_type": 16, "object_id": "36", "object_repr": "Prodigy (10)", "action_flag": 3, "change_message": ""}}, {"model": "admin.logentry", "pk": 49, "fields": {"action_time": "2023-06-23T12:56:43.790Z", "user": 12, "content_type": 16, "object_id": "38", "object_repr": "Prodigy (12)", "action_flag": 3, "change_message": ""}}, {"model": "admin.logentry", "pk": 50, "fields": {"action_time": "2023-06-23T12:56:43.791Z", "user": 12, "content_type": 16, "object_id": "40", "object_repr": "Prodigy (3)", "action_flag": 3, "change_message": ""}}, {"model": "admin.logentry", "pk": 51, "fields": {"action_time": "2023-06-23T12:56:43.792Z", "user": 12, "content_type": 16, "object_id": "37", "object_repr": "Prodigy (4)", "action_flag": 3, "change_message": ""}}, {"model": "admin.logentry", "pk": 52, "fields": {"action_time": "2023-06-23T12:56:43.793Z", "user": 12, "content_type": 16, "object_id": "35", "object_repr": "Prodigy (7)", "action_flag": 3, "change_message": ""}}, {"model": "admin.logentry", "pk": 53, "fields": {"action_time": "2023-06-23T12:56:43.794Z", "user": 12, "content_type": 16, "object_id": "39", "object_repr": "Prodigy (79)", "action_flag": 3, "change_message": ""}}, {"model": "admin.logentry", "pk": 54, "fields": {"action_time": "2023-06-23T12:56:53.598Z", "user": 12, "content_type": 16, "object_id": "42", "object_repr": "Shakira (2)", "action_flag": 3, "change_message": ""}}, {"model": "admin.logentry", "pk": 55, "fields": {"action_time": "2023-06-23T12:56:53.599Z", "user": 12, "content_type": 16, "object_id": "44", "object_repr": "Shakira (3)", "action_flag": 3, "change_message": ""}}, {"model": "admin.logentry", "pk": 56, "fields": {"action_time": "2023-06-23T12:56:53.600Z", "user": 12, "content_type": 16, "object_id": "43", "object_repr": "Shakira (4)", "action_flag": 3, "change_message": ""}}, {"model": "admin.logentry", "pk": 57, "fields": {"action_time": "2023-06-23T12:56:53.601Z", "user": 12, "content_type": 16, "object_id": "48", "object_repr": "Shakira (5)", "action_flag": 3, "change_message": ""}}, {"model": "admin.logentry", "pk": 58, "fields": {"action_time": "2023-06-23T12:56:53.602Z", "user": 12, "content_type": 16, "object_id": "45", "object_repr": "Shakira (6)", "action_flag": 3, "change_message": ""}}, {"model": "admin.logentry", "pk": 59, "fields": {"action_time": "2023-06-23T12:56:53.603Z", "user": 12, "content_type": 16, "object_id": "46", "object_repr": "Shakira (7)", "action_flag": 3, "change_message": ""}}, {"model": "admin.logentry", "pk": 60, "fields": {"action_time": "2023-06-23T12:56:53.604Z", "user": 12, "content_type": 16, "object_id": "49", "object_repr": "Shakira (8)", "action_flag": 3, "change_message": ""}}, {"model": "auth.permission", "pk": 1, "fields": {"name": "Can add log entry", "content_type": 1, "codename": "add_logentry"}}, {"model": "auth.permission", "pk": 2, "fields": {"name": "Can change log entry", "content_type": 1, "codename": "change_logentry"}}, {"model": "auth.permission", "pk": 3, "fields": {"name": "Can delete log entry", "content_type": 1, "codename": "delete_logentry"}}, {"model": "auth.permission", "pk": 4, "fields": {"name": "Can view log entry", "content_type": 1, "codename": "view_logentry"}}, {"model": "auth.permission", "pk": 5, "fields": {"name": "Can add permission", "content_type": 2, "codename": "add_permission"}}, {"model": "auth.permission", "pk": 6, "fields": {"name": "Can change permission", "content_type": 2, "codename": "change_permission"}}, {"model": "auth.permission", "pk": 7, "fields": {"name": "Can delete permission", "content_type": 2, "codename": "delete_permission"}}, {"model": "auth.permission", "pk": 8, "fields": {"name": "Can view permission", "content_type": 2, "codename": "view_permission"}}, {"model": "auth.permission", "pk": 9, "fields": {"name": "Can add group", "content_type": 3, "codename": "add_group"}}, {"model": "auth.permission", "pk": 10, "fields": {"name": "Can change group", "content_type": 3, "codename": "change_group"}}, {"model": "auth.permission", "pk": 11, "fields": {"name": "Can delete group", "content_type": 3, "codename": "delete_group"}}, {"model": "auth.permission", "pk": 12, "fields": {"name": "Can view group", "content_type": 3, "codename": "view_group"}}, {"model": "auth.permission", "pk": 13, "fields": {"name": "Can add user", "content_type": 4, "codename": "add_user"}}, {"model": "auth.permission", "pk": 14, "fields": {"name": "Can change user", "content_type": 4, "codename": "change_user"}}, {"model": "auth.permission", "pk": 15, "fields": {"name": "Can delete user", "content_type": 4, "codename": "delete_user"}}, {"model": "auth.permission", "pk": 16, "fields": {"name": "Can view user", "content_type": 4, "codename": "view_user"}}, {"model": "auth.permission", "pk": 17, "fields": {"name": "Can add content type", "content_type": 5, "codename": "add_contenttype"}}, {"model": "auth.permission", "pk": 18, "fields": {"name": "Can change content type", "content_type": 5, "codename": "change_contenttype"}}, {"model": "auth.permission", "pk": 19, "fields": {"name": "Can delete content type", "content_type": 5, "codename": "delete_contenttype"}}, {"model": "auth.permission", "pk": 20, "fields": {"name": "Can view content type", "content_type": 5, "codename": "view_contenttype"}}, {"model": "auth.permission", "pk": 21, "fields": {"name": "Can add session", "content_type": 6, "codename": "add_session"}}, {"model": "auth.permission", "pk": 22, "fields": {"name": "Can change session", "content_type": 6, "codename": "change_session"}}, {"model": "auth.permission", "pk": 23, "fields": {"name": "Can delete session", "content_type": 6, "codename": "delete_session"}}, {"model": "auth.permission", "pk": 24, "fields": {"name": "Can view session", "content_type": 6, "codename": "view_session"}}, {"model": "auth.permission", "pk": 25, "fields": {"name": "Can add Token", "content_type": 7, "codename": "add_token"}}, {"model": "auth.permission", "pk": 26, "fields": {"name": "Can change Token", "content_type": 7, "codename": "change_token"}}, {"model": "auth.permission", "pk": 27, "fields": {"name": "Can delete Token", "content_type": 7, "codename": "delete_token"}}, {"model": "auth.permission", "pk": 28, "fields": {"name": "Can view Token", "content_type": 7, "codename": "view_token"}}, {"model": "auth.permission", "pk": 29, "fields": {"name": "Can add token", "content_type": 8, "codename": "add_tokenproxy"}}, {"model": "auth.permission", "pk": 30, "fields": {"name": "Can change token", "content_type": 8, "codename": "change_tokenproxy"}}, {"model": "auth.permission", "pk": 31, "fields": {"name": "Can delete token", "content_type": 8, "codename": "delete_tokenproxy"}}, {"model": "auth.permission", "pk": 32, "fields": {"name": "Can view token", "content_type": 8, "codename": "view_tokenproxy"}}, {"model": "auth.permission", "pk": 33, "fields": {"name": "Can add blacklisted token", "content_type": 9, "codename": "add_blacklistedtoken"}}, {"model": "auth.permission", "pk": 34, "fields": {"name": "Can change blacklisted token", "content_type": 9, "codename": "change_blacklistedtoken"}}, {"model": "auth.permission", "pk": 35, "fields": {"name": "Can delete blacklisted token", "content_type": 9, "codename": "delete_blacklistedtoken"}}, {"model": "auth.permission", "pk": 36, "fields": {"name": "Can view blacklisted token", "content_type": 9, "codename": "view_blacklistedtoken"}}, {"model": "auth.permission", "pk": 37, "fields": {"name": "Can add outstanding token", "content_type": 10, "codename": "add_outstandingtoken"}}, {"model": "auth.permission", "pk": 38, "fields": {"name": "Can change outstanding token", "content_type": 10, "codename": "change_outstandingtoken"}}, {"model": "auth.permission", "pk": 39, "fields": {"name": "Can delete outstanding token", "content_type": 10, "codename": "delete_outstandingtoken"}}, {"model": "auth.permission", "pk": 40, "fields": {"name": "Can view outstanding token", "content_type": 10, "codename": "view_outstandingtoken"}}, {"model": "auth.permission", "pk": 41, "fields": {"name": "Can add album", "content_type": 11, "codename": "add_album"}}, {"model": "auth.permission", "pk": 42, "fields": {"name": "Can change album", "content_type": 11, "codename": "change_album"}}, {"model": "auth.permission", "pk": 43, "fields": {"name": "Can delete album", "content_type": 11, "codename": "delete_album"}}, {"model": "auth.permission", "pk": 44, "fields": {"name": "Can view album", "content_type": 11, "codename": "view_album"}}, {"model": "auth.permission", "pk": 45, "fields": {"name": "Can add genre", "content_type": 12, "codename": "add_genre"}}, {"model": "auth.permission", "pk": 46, "fields": {"name": "Can change genre", "content_type": 12, "codename": "change_genre"}}, {"model": "auth.permission", "pk": 47, "fields": {"name": "Can delete genre", "content_type": 12, "codename": "delete_genre"}}, {"model": "auth.permission", "pk": 48, "fields": {"name": "Can view genre", "content_type": 12, "codename": "view_genre"}}, {"model": "auth.permission", "pk": 49, "fields": {"name": "Can add track", "content_type": 13, "codename": "add_track"}}, {"model": "auth.permission", "pk": 50, "fields": {"name": "Can change track", "content_type": 13, "codename": "change_track"}}, {"model": "auth.permission", "pk": 51, "fields": {"name": "Can delete track", "content_type": 13, "codename": "delete_track"}}, {"model": "auth.permission", "pk": 52, "fields": {"name": "Can view track", "content_type": 13, "codename": "view_track"}}, {"model": "auth.permission", "pk": 53, "fields": {"name": "Can add search term", "content_type": 14, "codename": "add_searchterm"}}, {"model": "auth.permission", "pk": 54, "fields": {"name": "Can change search term", "content_type": 14, "codename": "change_searchterm"}}, {"model": "auth.permission", "pk": 55, "fields": {"name": "Can delete search term", "content_type": 14, "codename": "delete_searchterm"}}, {"model": "auth.permission", "pk": 56, "fields": {"name": "Can view search term", "content_type": 14, "codename": "view_searchterm"}}, {"model": "auth.permission", "pk": 57, "fields": {"name": "Can add review", "content_type": 15, "codename": "add_review"}}, {"model": "auth.permission", "pk": 58, "fields": {"name": "Can change review", "content_type": 15, "codename": "change_review"}}, {"model": "auth.permission", "pk": 59, "fields": {"name": "Can delete review", "content_type": 15, "codename": "delete_review"}}, {"model": "auth.permission", "pk": 60, "fields": {"name": "Can view review", "content_type": 15, "codename": "view_review"}}, {"model": "auth.permission", "pk": 61, "fields": {"name": "Can add artist", "content_type": 16, "codename": "add_artist"}}, {"model": "auth.permission", "pk": 62, "fields": {"name": "Can change artist", "content_type": 16, "codename": "change_artist"}}, {"model": "auth.permission", "pk": 63, "fields": {"name": "Can delete artist", "content_type": 16, "codename": "delete_artist"}}, {"model": "auth.permission", "pk": 64, "fields": {"name": "Can view artist", "content_type": 16, "codename": "view_artist"}}, {"model": "auth.user", "pk": 12, "fields": {"password": "pbkdf2_sha256$600000$NnDpiAckq5aJ4zIg5slXYA$s9NhLgbq7/9I0IT7e2Xo2KcsjesXKnQOEwMao1+G5P4=", "last_login": "2023-06-21T15:19:38Z", "is_superuser": true, "username": "superadmin", "first_name": "Clarke", "last_name": "Keiatah", "email": "super@mail.com", "is_staff": true, "is_active": true, "date_joined": "2023-06-21T15:18:50Z", "groups": [], "user_permissions": []}}, {"model": "auth.user", "pk": 13, "fields": {"password": "pbkdf2_sha256$600000$KchhpH7j6eiEKEA8Xsj1kS$GiZ1UD5GrpmKQRFC8W7etqndmdMnhU9Vcc3B5+dkokY=", "last_login": null, "is_superuser": false, "username": "dima", "first_name": "Dima", "last_name": "Ivanov", "email": "dima@example.com", "is_staff": false, "is_active": true, "date_joined": "2023-06-21T15:20:51Z", "groups": [], "user_permissions": []}}, {"model": "auth.user", "pk": 14, "fields": {"password": "pbkdf2_sha256$600000$cwKePiMoWHBvhxBUFoatwy$pp7eqkp3bGVl5Enkmv1VNHJBTHxpsj3NR1nPjMwssaw=", "last_login": null, "is_superuser": false, "username": "maria", "first_name": "Maria", "last_name": "Anxious", "email": "maria@example.com", "is_staff": false, "is_active": true, "date_joined": "2023-06-21T15:21:34Z", "groups": [], "user_permissions": []}}, {"model": "auth.user", "pk": 15, "fields": {"password": "pbkdf2_sha256$600000$NAQQBGLiBvdH5rk9Uz7IOh$5zeYJnCe26vlFxPHPDHdT892jmlaJO7UG/b6GI5Oag4=", "last_login": null, "is_superuser": true, "username": "admin", "first_name": "Peter", "last_name": "Megalo", "email": "admin@admin.com", "is_staff": true, "is_active": true, "date_joined": "2023-06-21T15:23:59Z", "groups": [], "user_permissions": []}}, {"model": "auth.user", "pk": 16, "fields": {"password": "pbkdf2_sha256$600000$qxPbhZr5hjB1vk9plt9feT$GKAcQji+ckxnxFMVDScnc9/+0wsRR97rvF9M/MXMdeY=", "last_login": null, "is_superuser": false, "username": "jinger", "first_name": "Jinger", "last_name": "Petrov", "email": "jin@example.com", "is_staff": false, "is_active": true, "date_joined": "2023-06-21T15:24:26Z", "groups": [], "user_permissions": []}}, {"model": "auth.user", "pk": 17, "fields": {"password": "pbkdf2_sha256$600000$9ALVwOHjmItN5SIsyJ3FLE$WpJHJmRqvKFS40kLCXx46yYjL5NayBZ5qEakAVrcpFo=", "last_login": null, "is_superuser": false, "username": "hexen", "first_name": "Hexen", "last_name": "Goracio", "email": "hexen@example.com", "is_staff": false, "is_active": true, "date_joined": "2023-06-21T15:25:11Z", "groups": [], "user_permissions": []}}, {"model": "auth.user", "pk": 18, "fields": {"password": "pbkdf2_sha256$600000$FQ3Zmetdcx4hwHmUf2KA7l$kVkZr/Uxnmouwje3h3T+Q2Yq+J7q2akM15MB5FBT/V0=", "last_login": null, "is_superuser": false, "username": "travor", "first_name": "Travor", "last_name": "Lee", "email": "tlee@example.com", "is_staff": false, "is_active": true, "date_joined": "2023-06-21T15:25:43Z", "groups": [], "user_permissions": []}}, {"model": "auth.user", "pk": 19, "fields": {"password": "pbkdf2_sha256$600000$AhYa8ME7sAvfgVnsPud1hY$Vi+h4VImK2pd1DmLMlf7gCaxD05+TVAqknL8iV8abTo=", "last_login": null, "is_superuser": false, "username": "lovereign", "first_name": "Love", "last_name": "Reign O'er Me", "email": "lovelove@example.com", "is_staff": false, "is_active": true, "date_joined": "2023-06-21T15:26:17Z", "groups": [], "user_permissions": []}}, {"model": "auth.user", "pk": 20, "fields": {"password": "pbkdf2_sha256$600000$kUIq8G3pi57Nv6QNRTrAoR$TpagtFFgR0hSoNyEXs756cTJtxjumc+WnOu5NnnNt8o=", "last_login": null, "is_superuser": false, "username": "lettuce", "first_name": "Salad", "last_name": "Lettuce", "email": "mrsalad@example.com", "is_staff": false, "is_active": true, "date_joined": "2023-06-21T15:27:43Z", "groups": [], "user_permissions": []}}, {"model": "contenttypes.contenttype", "pk": 1, "fields": {"app_label": "admin", "model": "logentry"}}, {"model": "contenttypes.contenttype", "pk": 2, "fields": {"app_label": "auth", "model": "permission"}}, {"model": "contenttypes.contenttype", "pk": 3, "fields": {"app_label": "auth", "model": "group"}}, {"model": "contenttypes.contenttype", "pk": 4, "fields": {"app_label": "auth", "model": "user"}}, {"model": "contenttypes.contenttype", "pk": 5, "fields": {"app_label": "contenttypes", "model": "contenttype"}}, {"model": "contenttypes.contenttype", "pk": 6, "fields": {"app_label": "sessions", "model": "session"}}, {"model": "contenttypes.contenttype", "pk": 7, "fields": {"app_label": "authtoken", "model": "token"}}, {"model": "contenttypes.contenttype", "pk": 8, "fields": {"app_label": "authtoken", "model": "tokenproxy"}}, {"model": "contenttypes.contenttype", "pk": 9, "fields": {"app_label": "token_blacklist", "model": "blacklistedtoken"}}, {"model": "contenttypes.contenttype", "pk": 10, "fields": {"app_label": "token_blacklist", "model": "outstandingtoken"}}, {"model": "contenttypes.contenttype", "pk": 11, "fields": {"app_label": "music", "model": "album"}}, {"model": "contenttypes.contenttype", "pk": 12, "fields": {"app_label": "music", "model": "genre"}}, {"model": "contenttypes.contenttype", "pk": 13, "fields": {"app_label": "music", "model": "track"}}, {"model": "contenttypes.contenttype", "pk": 14, "fields": {"app_label": "music", "model": "searchterm"}}, {"model": "contenttypes.contenttype", "pk": 15, "fields": {"app_label": "music", "model": "review"}}, {"model": "contenttypes.contenttype", "pk": 16, "fields": {"app_label": "music", "model": "artist"}}, {"model": "sessions.session", "pk": "8l21mb3x5akej2ak7a6fo7zaid4tczo5", "fields": {"session_data": ".eJxVjLEOwiAYhN-F2TTQAi2OJo7Gybn5gfulsa0JtZPx3UXTQXPbd3ffU_S0PlK_Lsj9EMVeqFrsfqGncMP8aa4ZmL9NtcHqONEwnvOlDGeacLpHjIft8GdJtKSiCI466MbZoCzpEhgmw6pro2O2vpFamsgykINvfWQDAsnas2IjocXrDY1pO6Q:1qBzcQ:ACjwpakhqGVUbATTDZV_p6zVXqH0ZkHg_llpt5OoTxA", "expire_date": "2023-07-05T15:19:38.437Z"}}, {"model": "token_blacklist.outstandingtoken", "pk": 1, "fields": {"user": null, "jti": "0ec3a5af0b7f40189ca2ef11bf82ae6c", "token": "eyJ0eXAiOiJKV1QiLCJhbGciOiJIUzI1NiJ9.eyJ0b2tlbl90eXBlIjoicmVmcmVzaCIsImV4cCI6MTY4Nzc4NDY5NCwiaWF0IjoxNjg3MzUyNjk0LCJqdGkiOiIwZWMzYTVhZjBiN2Y0MDE4OWNhMmVmMTFiZjgyYWU2YyIsInVzZXJfaWQiOjJ9.qiOjAnOvbWhjC9TFIIsVv1nl4N7gfg7c1Y3YDiDAhks", "created_at": null, "expires_at": "2023-06-26T13:04:54Z"}}, {"model": "token_blacklist.outstandingtoken", "pk": 2, "fields": {"user": 20, "jti": "07bd4f75c582493994d800a7491afff8", "token": "eyJ0eXAiOiJKV1QiLCJhbGciOiJIUzI1NiJ9.eyJ0b2tlbl90eXBlIjoicmVmcmVzaCIsImV4cCI6MTY4Nzc5MzM2NiwiaWF0IjoxNjg3MzYxMzY2LCJqdGkiOiIwN2JkNGY3NWM1ODI0OTM5OTRkODAwYTc0OTFhZmZmOCIsInVzZXJfaWQiOjIwfQ.rTjBrAkszyTTmU7jpcy051Pj5Un7-nR8hhyDYTP65ys", "created_at": "2023-06-21T15:29:26.766Z", "expires_at": "2023-06-26T15:29:26Z"}}, {"model": "token_blacklist.outstandingtoken", "pk": 3, "fields": {"user": 20, "jti": "f3a2c0826ba0406f85f6c477913e4c03", "token": "eyJ0eXAiOiJKV1QiLCJhbGciOiJIUzI1NiJ9.eyJ0b2tlbl90eXBlIjoicmVmcmVzaCIsImV4cCI6MTY4Nzc5MzM2NiwiaWF0IjoxNjg3MzYxMzY2LCJqdGkiOiJmM2EyYzA4MjZiYTA0MDZmODVmNmM0Nzc5MTNlNGMwMyIsInVzZXJfaWQiOjIwfQ.TdVB-cAHa08fiWwMMucNx0_UhBrVcwoXF16d95-HiJA", "created_at": "2023-06-21T15:29:26.774Z", "expires_at": "2023-06-26T15:29:26Z"}}, {"model": "token_blacklist.outstandingtoken", "pk": 4, "fields": {"user": null, "jti": "e5c9499110b241149f0b7a3ca0e919b1", "token": "eyJ0eXAiOiJKV1QiLCJhbGciOiJIUzI1NiJ9.eyJ0b2tlbl90eXBlIjoicmVmcmVzaCIsImV4cCI6MTY4Nzc5NTk4NCwiaWF0IjoxNjg3MzYzOTg0LCJqdGkiOiJlNWM5NDk5MTEwYjI0MTE0OWYwYjdhM2NhMGU5MTliMSIsInVzZXJfaWQiOjIwfQ.bc-wsAyIIFRZGugsY1bflPovxQPiUKeRIGqPHRq43Sk", "created_at": null, "expires_at": "2023-06-26T16:13:04Z"}}, {"model": "token_blacklist.outstandingtoken", "pk": 5, "fields": {"user": 16, "jti": "7a632da13d9a4ea58327be61bd48d7ba", "token": "eyJ0eXAiOiJKV1QiLCJhbGciOiJIUzI1NiJ9.eyJ0b2tlbl90eXBlIjoicmVmcmVzaCIsImV4cCI6MTY4Nzg2Njg4NSwiaWF0IjoxNjg3NDM0ODg1LCJqdGkiOiI3YTYzMmRhMTNkOWE0ZWE1ODMyN2JlNjFiZDQ4ZDdiYSIsInVzZXJfaWQiOjE2fQ.zWXo3C3KZ_8Xdh38RBPw93m8M3XlMkX1zL_1YHeZ9A0", "created_at": "2023-06-22T11:54:45.707Z", "expires_at": "2023-06-27T11:54:45Z"}}, {"model": "token_blacklist.outstandingtoken", "pk": 6, "fields": {"user": 16, "jti": "95cad7c38bf24233a69cde56e640b2b7", "token": "eyJ0eXAiOiJKV1QiLCJhbGciOiJIUzI1NiJ9.eyJ0b2tlbl90eXBlIjoicmVmcmVzaCIsImV4cCI6MTY4Nzg2Njg4NSwiaWF0IjoxNjg3NDM0ODg1LCJqdGkiOiI5NWNhZDdjMzhiZjI0MjMzYTY5Y2RlNTZlNjQwYjJiNyIsInVzZXJfaWQiOjE2fQ.hS5b0cGsX9S4bIYCJqmZYKSXE2pN9mMWhB8D69lNbE8", "created_at": "2023-06-22T11:54:45.710Z", "expires_at": "2023-06-27T11:54:45Z"}}, {"model": "token_blacklist.outstandingtoken", "pk": 7, "fields": {"user": 18, "jti": "c2c900da8fe54c63a26b1f4ea571ba68", "token": "eyJ0eXAiOiJKV1QiLCJhbGciOiJIUzI1NiJ9.eyJ0b2tlbl90eXBlIjoicmVmcmVzaCIsImV4cCI6MTY4Nzg2NzYyNywiaWF0IjoxNjg3NDM1NjI3LCJqdGkiOiJjMmM5MDBkYThmZTU0YzYzYTI2YjFmNGVhNTcxYmE2OCIsInVzZXJfaWQiOjE4fQ.jpyR4iKN7BPX6AI51orYQCO0yylqfaVQ4VVaqewBboc", "created_at": "2023-06-22T12:07:07.754Z", "expires_at": "2023-06-27T12:07:07Z"}}, {"model": "token_blacklist.outstandingtoken", "pk": 8, "fields": {"user": 18, "jti": "850bc50824c34dfea62fb4565a9d9246", "token": "eyJ0eXAiOiJKV1QiLCJhbGciOiJIUzI1NiJ9.eyJ0b2tlbl90eXBlIjoicmVmcmVzaCIsImV4cCI6MTY4Nzg2NzYyNywiaWF0IjoxNjg3NDM1NjI3LCJqdGkiOiI4NTBiYzUwODI0YzM0ZGZlYTYyZmI0NTY1YTlkOTI0NiIsInVzZXJfaWQiOjE4fQ.hKqdUV3bLdfrU7hD8RSO6_USbRfo_pCmdpiqrk2DNaA", "created_at": "2023-06-22T12:07:07.758Z", "expires_at": "2023-06-27T12:07:07Z"}}, {"model": "token_blacklist.blacklistedtoken", "pk": 1, "fields": {"token": 1, "blacklisted_at": "2023-06-21T13:22:20.654Z"}}, {"model": "token_blacklist.blacklistedtoken", "pk": 2, "fields": {"token": 3, "blacklisted_at": "2023-06-21T16:13:04.095Z"}}, {"model": "token_blacklist.blacklistedtoken", "pk": 35, "fields": {"token": 4, "blacklisted_at": "2023-06-22T11:53:47.394Z"}}, {"model": "music.genre", "pk": 1, "fields": {"name": "Rock"}}, {"model": "music.genre", "pk": 2, "fields": {"name": "Hip Hop"}}, {"model": "music.genre", "pk": 3, "fields": {"name": "Funk / Soul"}}, {"model": "music.genre", "pk": 4, "fields": {"name": "Electronic"}}, {"model": "music.genre", "pk": 5, "fields": {"name": "Latin"}}, {"model": "music.genre", "pk": 6, "fields": {"name": "Pop"}}, {"model": "music.genre", "pk": 7, "fields": {"name": "Folk, World, & Country"}}, {"model": "music.genre", "pk": 8, "fields": {"name": "Jazz"}}, {"model": "music.genre", "pk": 9, "fields": {"name": "Classical"}}, {"model": "music.artist", "pk": 1, "fields": {"name": "The Who", "disc_id": "196766", "cover": "band_covers/cover_196766.jpg", "cover_ext_url": "https://i.discogs.com/pICPf1bURbkYva6YtIgWt8A4r8hp5oR9rFxb1bvfmOc/rs:fit/g:sm/q:90/h:415/w:600/czM6Ly9kaXNjb2dz/LWRhdGFiYXNlLWlt/YWdlcy9BLTE5Njc2/Ni0xNjgxMDQ2MzIx/LTM1NjQuanBlZw.jpeg", "description": "English rock band formed in Hammersmith, London in 1964.\r\n\r\nThey were inducted into Rock And Roll Hall of Fame in 1990 (Performer).\r\n\r\nMembers:\r\nRoger Daltrey тАУ lead and backing vocals, rhythm guitar, harmonica, percussion (1964тАУ1983, 1985, 1988, 1989, 1996тАУpresent)\r\nPete Townshend тАУ lead and rhythm guitar, backing and lead vocals, keyboards (1964тАУ1983, 1985, 1988, 1989, 1996тАУpresent)\r\n\r\nCurrent touring musicians:\r\nZak Starkey тАУ drums, percussion (1996тАУpresent)\r\nSimon Townshend тАУ guitar, backing vocals (1996тАУ1997, 2002тАУpresent)\r\nLoren Gold тАУ keyboards, backing vocals (2012тАУpresent)\r\nJon Button тАУ bass guitar (2017тАУpresent)\r\n\r\nFormer members:\r\nJohn Entwistle тАУ bass guitar, horns, keyboards, backing and lead vocals (1964тАУ1983, 1985, 1988, 1989, 1996тАУ2002; died 2002)\r\nDoug Sandom тАУ drums (1964; died 2019)\r\nKeith Moon тАУ drums, backing and lead vocals (1964тАУ1978; died 1978)\r\nKenney Jones тАУ drums (1978тАУ1983, 1985, 1988, 2014)", "is_full_record": true, "albums_found": false, "last_modified": "2023-06-21T15:06:58.362Z", "favorite": []}}, {"model": "music.artist", "pk": 2, "fields": {"name": "The Who (2)", "disc_id": "2930569", "cover": "", "cover_ext_url": null, "description": null, "is_full_record": false, "albums_found": false, "last_modified": "2023-06-21T15:06:53.335Z", "favorite": []}}, {"model": "music.artist", "pk": 3, "fields": {"name": "The Who's", "disc_id": "4484061", "cover": "", "cover_ext_url": null, "description": null, "is_full_record": false, "albums_found": false, "last_modified": "2023-06-21T15:06:53.822Z", "favorite": []}}, {"model": "music.artist", "pk": 4, "fields": {"name": "The Who Whos", "disc_id": "8129638", "cover": "", "cover_ext_url": null, "description": null, "is_full_record": false, "albums_found": false, "last_modified": "2023-06-21T15:06:54.281Z", "favorite": []}}, {"model": "music.artist", "pk": 5, "fields": {"name": "WhoTheHells", "disc_id": "6655592", "cover": "", "cover_ext_url": null, "description": null, "is_full_record": false, "albums_found": false, "last_modified": "2023-06-21T15:06:54.706Z", "favorite": []}}, {"model": "music.artist", "pk": 6, "fields": {"name": "The Wonder Who?", "disc_id": "1106856", "cover": "", "cover_ext_url": "https://i.discogs.com/djCjXdJciiT32-Wc8El3XgDNIsqQJUHGUOxj7aoLMcE/rs:fit/g:sm/q:90/h:349/w:600/czM6Ly9kaXNjb2dz/LWRhdGFiYXNlLWlt/YWdlcy9BLTExMDY4/NTYtMTU1MTQzNTAz/Ni0zMTYzLmpwZWc.jpeg", "description": null, "is_full_record": false, "albums_found": false, "last_modified": "2023-06-21T15:06:55.287Z", "favorite": []}}, {"model": "music.artist", "pk": 7, "fields": {"name": "TheNonWho", "disc_id": "2388600", "cover": "", "cover_ext_url": null, "description": null, "is_full_record": false, "albums_found": false, "last_modified": "2023-06-21T15:06:55.855Z", "favorite": []}}, {"model": "music.artist", "pk": 8, "fields": {"name": "TheSniperWho", "disc_id": "7189966", "cover": "", "cover_ext_url": null, "description": null, "is_full_record": false, "albums_found": false, "last_modified": "2023-06-21T15:06:56.295Z", "favorite": []}}, {"model": "music.artist", "pk": 9, "fields": {"name": "The Queens Of Chess", "disc_id": "413629", "cover": "", "cover_ext_url": null, "description": null, "is_full_record": false, "albums_found": false, "last_modified": "2023-06-21T15:11:48.189Z", "favorite": []}}, {"model": "music.artist", "pk": 10, "fields": {"name": "Queens Of The Night", "disc_id": "7590745", "cover": "", "cover_ext_url": null, "description": null, "is_full_record": false, "albums_found": false, "last_modified": "2023-06-21T15:11:48.663Z", "favorite": []}}, {"model": "music.artist", "pk": 11, "fields": {"name": "Queens Of The Night (2)", "disc_id": "8279118", "cover": "", "cover_ext_url": null, "description": null, "is_full_record": false, "albums_found": false, "last_modified": "2023-06-21T15:11:49.149Z", "favorite": []}}, {"model": "music.artist", "pk": 12, "fields": {"name": "The Queens Of Rhythm", "disc_id": "3916627", "cover": "", "cover_ext_url": "https://i.discogs.com/F6w4RXc_N7PL37FNTGXBFfkMeVSekRxsj2Y8AGj0D2M/rs:fit/g:sm/q:90/h:347/w:584/czM6Ly9kaXNjb2dz/LWRhdGFiYXNlLWlt/YWdlcy9BLTM5MTY2/MjctMTQwNTc2NzI1/OS0zNjAyLmpwZWc.jpeg", "description": null, "is_full_record": false, "albums_found": false, "last_modified": "2023-06-21T15:11:49.572Z", "favorite": []}}, {"model": "music.artist", "pk": 13, "fields": {"name": "The Queens Of Harmony", "disc_id": "4603293", "cover": "", "cover_ext_url": null, "description": null, "is_full_record": false, "albums_found": false, "last_modified": "2023-06-21T15:11:50.018Z", "favorite": []}}, {"model": "music.artist", "pk": 14, "fields": {"name": "The Queens Of Sheeba", "disc_id": "884209", "cover": "", "cover_ext_url": null, "description": null, "is_full_record": false, "albums_found": false, "last_modified": "2023-06-21T15:11:50.458Z", "favorite": []}}, {"model": "music.artist", "pk": 15, "fields": {"name": "About Queens Of The Blues", "disc_id": "963368", "cover": "", "cover_ext_url": "https://i.discogs.com/iYEDOkMsqlW5gVrv86TFf3jkECRHv2fDAL9keogj0_U/rs:fit/g:sm/q:90/h:198/w:200/czM6Ly9kaXNjb2dz/LWRhdGFiYXNlLWlt/YWdlcy9BLTk2MzM2/OC0xMjU2NTc0ODE4/LmpwZWc.jpeg", "description": null, "is_full_record": false, "albums_found": false, "last_modified": "2023-06-21T15:11:50.967Z", "favorite": []}}, {"model": "music.artist", "pk": 16, "fields": {"name": "The Queens Of Soul Jazz", "disc_id": "9028180", "cover": "", "cover_ext_url": "https://i.discogs.com/PGIgnMVhwOxpFhVAFtUJ162DEEQzcDm_zmos7Gw1_eQ/rs:fit/g:sm/q:90/h:481/w:600/czM6Ly9kaXNjb2dz/LWRhdGFiYXNlLWlt/YWdlcy9BLTkwMjgx/ODAtMTYxNjc0MDQ4/Mi0yNTgwLmpwZWc.jpeg", "description": null, "is_full_record": false, "albums_found": false, "last_modified": "2023-06-21T15:11:51.421Z", "favorite": []}}, {"model": "music.artist", "pk": 17, "fields": {"name": "Queens Of The Stone Age", "disc_id": "56168", "cover": "band_covers/cover_56168_ChkGYqB.jpg", "cover_ext_url": "https://i.discogs.com/8cbUGW0vpHxzJfROUGTAyXDU_JxXwmFXKhZ5aYjnXvw/rs:fit/g:sm/q:90/h:400/w:600/czM6Ly9kaXNjb2dz/LWRhdGFiYXNlLWlt/YWdlcy9BLTU2MTY4/LTE2NjAyNzQ1OTQt/NTE1NS5qcGVn.jpeg", "description": "Alternative Rock/Stoner band formed in 1997 in Palm Desert, California, United States.", "is_full_record": true, "albums_found": true, "last_modified": "2023-06-21T15:12:17.050Z", "favorite": []}}, {"model": "music.artist", "pk": 18, "fields": {"name": "Cardi B", "disc_id": "5153025", "cover": "band_covers/cover_5153025.jpg", "cover_ext_url": "https://i.discogs.com/nBAncLBGDH8e3E88Qkh7pbQ2-F4dbKxXkF-IjoLNcls/rs:fit/g:sm/q:90/h:600/w:600/czM6Ly9kaXNjb2dz/LWRhdGFiYXNlLWlt/YWdlcy9BLTUxNTMw/MjUtMTYxOTI2MjMy/My02OTU0LmpwZWc.jpeg", "description": "Belcalis Almanzar (born October 11, 1992), known professionally as [b]Cardi B[/b], is an American rapper, former stripper, television personality, and internet celebrity. Born and raised in The Bronx, New York, she first earned public attention in 2015 after becoming a regular cast of the VH1 reality television series [i]Love & Hip Hop: New York[/i].\r\n\r\nPreviously worked as a cashier at Amish Market in Tribec.", "is_full_record": true, "albums_found": true, "last_modified": "2023-06-21T15:42:39.625Z", "favorite": []}}, {"model": "music.artist", "pk": 19, "fields": {"name": "Cardi B And The Cardi B's", "disc_id": "8064434", "cover": "", "cover_ext_url": null, "description": null, "is_full_record": false, "albums_found": false, "last_modified": "2023-06-21T15:42:33.543Z", "favorite": []}}, {"model": "music.artist", "pk": 20, "fields": {"name": "Undietaker Cardi B", "disc_id": "11026934", "cover": "", "cover_ext_url": null, "description": null, "is_full_record": false, "albums_found": false, "last_modified": "2023-06-21T15:42:34.018Z", "favorite": []}}, {"model": "music.artist", "pk": 21, "fields": {"name": "B. A. Mauricio-Cardilli", "disc_id": "5943491", "cover": "", "cover_ext_url": null, "description": null, "is_full_record": false, "albums_found": false, "last_modified": "2023-06-21T15:42:34.478Z", "favorite": []}}, {"model": "music.artist", "pk": 22, "fields": {"name": "S.E. Cardinal G.B. Montini", "disc_id": "12189922", "cover": "", "cover_ext_url": null, "description": null, "is_full_record": false, "albums_found": false, "last_modified": "2023-06-21T15:42:34.948Z", "favorite": []}}, {"model": "music.artist", "pk": 23, "fields": {"name": "Ed Sheeran", "disc_id": "2184482", "cover": "band_covers/cover_2184482.jpg", "cover_ext_url": "https://i.discogs.com/JpsnOAwiQGzRulFn7oPOtbKx_JXT7m1h8ysXMKrr2mY/rs:fit/g:sm/q:90/h:474/w:600/czM6Ly9kaXNjb2dz/LWRhdGFiYXNlLWlt/YWdlcy9BLTIxODQ0/ODItMTY4MzkwMjUy/MC04Mjk3LmpwZWc.jpeg", "description": "English singer-songwriter, born 17 February 1991 in Halifax, West Yorkshire, England, UK.", "is_full_record": true, "albums_found": true, "last_modified": "2023-06-21T15:43:03.731Z", "favorite": [20]}}, {"model": "music.artist", "pk": 24, "fields": {"name": "Ed Sheeran (2)", "disc_id": "9220744", "cover": "", "cover_ext_url": null, "description": null, "is_full_record": false, "albums_found": false, "last_modified": "2023-06-21T15:42:56.456Z", "favorite": []}}, {"model": "music.artist", "pk": 33, "fields": {"name": "Drake", "disc_id": "151199", "cover": "band_covers/cover_151199.jpg", "cover_ext_url": "https://i.discogs.com/SCU2bmCyMN21mfYL7uoQenQJsjEM9Mtz3k6htdW6slg/rs:fit/g:sm/q:90/h:600/w:600/czM6Ly9kaXNjb2dz/LWRhdGFiYXNlLWlt/YWdlcy9BLTE1MTE5/OS0xNjU1NTczODc5/LTgyMDMuanBlZw.jpeg", "description": "Born October 24, 1986 in Toronto, Ontario, Drake is a Canadian actor and recording artist, and one of the co-founder of the [l719678] label.\r\n\r\nHe originally became known for playing the character Jimmy Brooks on the TV series Degrassi: The Next Generation. As a rapper, he performs under the mononym Drake. Early in his career, Drake established a close affiliation with [a=Lil Wayne]'s [l166429] before officially signing with the record label in June 2009.\r\n\r\nDrake is the son of Dennis Graham, a drummer who worked with [a=Jerry Lee Lewis]; and the nephew of musicians [a=Larry Graham] and [a330395]. His father is African American (a native of Memphis, Tennessee) and his mother, an educator, is a white Jewish Canadian. His parents divorced when he was five, and he was raised by his mother in Toronto's wealthy Forest Hill neighbourhood, attending elementary school at Forest Hill Public School, and high school at Forest Hill Collegiate Institute, where he began acting, but did not graduate. He also spent many summers with his father in Memphis, Tennessee.", "is_full_record": true, "albums_found": false, "last_modified": "2023-06-21T15:44:24.975Z", "favorite": []}}, {"model": "music.artist", "pk": 34, "fields": {"name": "Prodigy", "disc_id": "134136", "cover": "band_covers/cover_134136.jpg", "cover_ext_url": "https://i.discogs.com/EL2fW-8Uqiy8c0hmnWp3zPkKCpoH6DMQUuLslPIGA34/rs:fit/g:sm/q:90/h:792/w:600/czM6Ly9kaXNjb2dz/LWRhdGFiYXNlLWlt/YWdlcy9BLTEzNDEz/Ni0xNTQ0NjI0MTc1/LTk3NTUuanBlZw.jpeg", "description": "Prodigy was the stage name of [a670721] (born November 2, 1974, Hempstead, New York, USA - died June 20, 2017, Las Vegas, Nevada, USA) an American rapper and one half of the hip hop duo [a17900] with [a134438].\r\n\r\n[b]Note:[/b] Do not confuse this artist with [a=The Prodigy] (alternative electronic music band from the UK).", "is_full_record": true, "albums_found": false, "last_modified": "2023-06-21T15:45:31.099Z", "favorite": [20]}}, {"model": "music.artist", "pk": 41, "fields": {"name": "Prodigy (8)", "disc_id": "5914453", "cover": "", "cover_ext_url": "https://i.discogs.com/g76HIkQ0isUMmnpZrhIicZbsgZOl6k901ewBITbAHXk/rs:fit/g:sm/q:90/h:603/w:469/czM6Ly9kaXNjb2dz/LWRhdGFiYXNlLWlt/YWdlcy9BLTU5MTQ0/NTMtMTUwMTU5OTE4/Mi02NzQ1LmpwZWc.jpeg", "description": null, "is_full_record": false, "albums_found": false, "last_modified": "2023-06-21T15:45:27.726Z", "favorite": []}}, {"model": "music.artist", "pk": 47, "fields": {"name": "Shakira", "disc_id": "5530", "cover": "band_covers/cover_5530.jpg", "cover_ext_url": "https://i.discogs.com/9AnvGpbNm5_ySy0mYYHW3OOlyuhvaNodlNZMQ_81cgE/rs:fit/g:sm/q:90/h:750/w:600/czM6Ly9kaXNjb2dz/LWRhdGFiYXNlLWlt/YWdlcy9BLTU1MzAt/MTY2ODM3MDk0Ny00/NzIxLmpwZWc.jpeg", "description": "Shakira Isabel Mebarak Ripoll, professionally known as Shakira, is a Colombian singer and songwriter born on February 2, 1977 to a Colombian mother of Spanish-Italian descent and an American father of Lebanese-Italian descent. \r\nWriting songs and belly-dancing since childhood, her first album was released when she was a mere 14 years old. Other Spanish-language albums followed, each faring better than its predecessor, but it was not until 2001 that she achieved a world-wide breakthrough with the English-language \"Laundry Service\" album. Shakira is fluent in Spanish, English, Italian and Portuguese.", "is_full_record": true, "albums_found": false, "last_modified": "2023-06-21T15:46:28.300Z", "favorite": []}}, {"model": "music.artist", "pk": 50, "fields": {"name": "Juice WRLD", "disc_id": "6430933", "cover": "", "cover_ext_url": null, "description": null, "is_full_record": false, "albums_found": false, "last_modified": "2023-06-21T15:49:07.919Z", "favorite": []}}, {"model": "music.artist", "pk": 51, "fields": {"name": "Taylor Swift", "disc_id": "1124645", "cover": "", "cover_ext_url": null, "description": null, "is_full_record": false, "albums_found": false, "last_modified": "2023-06-21T15:49:37.454Z", "favorite": []}}, {"model": "music.artist", "pk": 52, "fields": {"name": "Chloe x Halle", "disc_id": "5729535", "cover": "", "cover_ext_url": null, "description": null, "is_full_record": false, "albums_found": false, "last_modified": "2023-06-21T15:49:56.350Z", "favorite": []}}, {"model": "music.artist", "pk": 53, "fields": {"name": "Fiona Apple", "disc_id": "255740", "cover": "", "cover_ext_url": null, "description": null, "is_full_record": false, "albums_found": false, "last_modified": "2023-06-21T15:50:17.391Z", "favorite": []}}, {"model": "music.artist", "pk": 54, "fields": {"name": "Dixie Chicks", "disc_id": "299586", "cover": "", "cover_ext_url": null, "description": null, "is_full_record": false, "albums_found": false, "last_modified": "2023-06-21T15:50:26.510Z", "favorite": []}}, {"model": "music.artist", "pk": 55, "fields": {"name": "Lil Uzi Vert", "disc_id": "3946211", "cover": "", "cover_ext_url": null, "description": null, "is_full_record": false, "albums_found": false, "last_modified": "2023-06-21T15:50:36.879Z", "favorite": []}}, {"model": "music.artist", "pk": 56, "fields": {"name": "Perfume Genius", "disc_id": "1741195", "cover": "", "cover_ext_url": null, "description": null, "is_full_record": false, "albums_found": false, "last_modified": "2023-06-21T15:50:46.458Z", "favorite": []}}, {"model": "music.artist", "pk": 57, "fields": {"name": "Gabriel Garz├│n-Montano", "disc_id": "3707939", "cover": "", "cover_ext_url": null, "description": null, "is_full_record": false, "albums_found": false, "last_modified": "2023-06-21T15:51:04.057Z", "favorite": []}}, {"model": "music.artist", "pk": 58, "fields": {"name": "Kamelot", "disc_id": "264513", "cover": "", "cover_ext_url": null, "description": null, "is_full_record": false, "albums_found": false, "last_modified": "2023-06-21T15:51:56.406Z", "favorite": []}}, {"model": "music.artist", "pk": 59, "fields": {"name": "The 1975", "disc_id": "3231113", "cover": "", "cover_ext_url": null, "description": null, "is_full_record": false, "albums_found": false, "last_modified": "2023-06-21T15:52:08.633Z", "favorite": []}}, {"model": "music.artist", "pk": 60, "fields": {"name": "Eminem", "disc_id": "38661", "cover": "band_covers/cover_38661.jpg", "cover_ext_url": "https://i.discogs.com/UEBa-haxb0u4pxISpiIyHw52czM4Cgl4wUKqeBNQjtI/rs:fit/g:sm/q:90/h:750/w:600/czM6Ly9kaXNjb2dz/LWRhdGFiYXNlLWlt/YWdlcy9BLTM4NjYx/LTE2Nzg5NTY0NTAt/MjYxOC5qcGVn.jpeg", "description": "Marshall Bruce Mathers III (born October 17, 1972, St. Joseph, Missouri), known by his primary stage name Eminem (stylized as EMIN╞ОM), or by his alter ego Slim Shady, is an American rapper and record producer who grew up in Detroit, Michigan. He began his professional music career as a member of Soul Intent along with Proof in 1992. He also started his first record label with his group that same year called Mashin' Duck Records.", "is_full_record": true, "albums_found": true, "last_modified": "2023-06-22T11:55:35.818Z", "favorite": []}}, {"model": "music.artist", "pk": 61, "fields": {"name": "Slim Shady", "disc_id": "108184", "cover": "", "cover_ext_url": null, "description": null, "is_full_record": false, "albums_found": false, "last_modified": "2023-06-22T11:55:42.596Z", "favorite": []}}, {"model": "music.artist", "pk": 62, "fields": {"name": "Billie Eilish", "disc_id": "5590213", "cover": "", "cover_ext_url": null, "description": null, "is_full_record": false, "albums_found": false, "last_modified": "2023-06-22T11:56:51.856Z", "favorite": []}}, {"model": "music.artist", "pk": 63, "fields": {"name": "Brittany Howard", "disc_id": "2762227", "cover": "", "cover_ext_url": null, "description": null, "is_full_record": false, "albums_found": false, "last_modified": "2023-06-22T11:57:06.594Z", "favorite": []}}, {"model": "music.artist", "pk": 64, "fields": {"name": "Sudan Archives", "disc_id": "6078930", "cover": "", "cover_ext_url": null, "description": null, "is_full_record": false, "albums_found": false, "last_modified": "2023-06-22T11:57:33.618Z", "favorite": []}}, {"model": "music.artist", "pk": 65, "fields": {"name": "Michael Kiwanuka", "disc_id": "2281535", "cover": "", "cover_ext_url": null, "description": null, "is_full_record": false, "albums_found": false, "last_modified": "2023-06-22T11:58:11.643Z", "favorite": []}}, {"model": "music.artist", "pk": 66, "fields": {"name": "Tyler, The Creator", "disc_id": "1967268", "cover": "band_covers/cover_1967268.jpg", "cover_ext_url": "https://i.discogs.com/ps2Fqix41_Na5KJQ_9nVN35gk-FTapEcgQ4ZuL9g4uU/rs:fit/g:sm/q:90/h:740/w:592/czM6Ly9kaXNjb2dz/LWRhdGFiYXNlLWlt/YWdlcy9BLTE5Njcy/NjgtMTY4MTg2Nzk3/MS0zOTQxLmpwZWc.jpeg", "description": "Tyler Gregory Okonma (born March 6, 1991), better known as Tyler, the Creator, is an American rapper, record producer, and music video director. He rose to prominence as the leader and co-founder of the alternative hip hop collective [a=Odd Future] and has rapped on and produced songs for nearly every [a=Odd Future] release. Okonma creates all the artwork for the group's releases and also designs the group's clothing and other merchandise.\r\n\r\nAfter releasing his debut album Goblin under XL Recordings in April 2011, Okonma signed a joint venture deal for him and his label Odd Future Records, with RED Distribution and Sony Music Entertainment. Following that he released his second studio album Wolf, which was met with generally positive reviews and debuted at number three on the US Billboard 200 selling 90,000 copies in its first week.\r\n\r\nIn 2011, Okonma started the clothing company Golf Wang, and in 2012, he began hosting an annual music festival named the Camp Flog Gnaw Carnival. He runs his own streaming service named Golf Media; it contains original scripted series from Okonma himself and the Camp Flog Gnaw Carnival is annually streamed there.\r\n\r\nPreviously worked at Fed Ex & at Starbucks for two & a half years.", "is_full_record": true, "albums_found": true, "last_modified": "2023-06-22T11:59:13.413Z", "favorite": []}}, {"model": "music.artist", "pk": 67, "fields": {"name": "Miley Cyrus", "disc_id": "676432", "cover": "band_covers/cover_676432.jpg", "cover_ext_url": "https://i.discogs.com/NUUs1EEST5jXo-9wr-3G3qNPJLZZPeY_30egEeEA1E4/rs:fit/g:sm/q:90/h:755/w:600/czM6Ly9kaXNjb2dz/LWRhdGFiYXNlLWlt/YWdlcy9BLTY3NjQz/Mi0xNjc4NDY0MzY1/LTgxNzYuanBlZw.jpeg", "description": "Born November 23, 1992 in Nashville, TN, USA.\r\nAmerican actress and recording artist, daughter of [a300597]. Cyrus rose to fame 2006 after being cast for Disney Channel's \"Hannah Montana\" TV series, in which she portrayed the starring character Miley Stewart.\r\nCyrus is recognized as among the most successful artists to originate from Disney, although in her late-teenage years / early-twenties, she has turned to develop a more sexually provocative image.", "is_full_record": true, "albums_found": false, "last_modified": "2023-06-22T12:02:23.061Z", "favorite": []}}, {"model": "music.artist", "pk": 68, "fields": {"name": "Miley Cyrus (2)", "disc_id": "7319290", "cover": "", "cover_ext_url": null, "description": null, "is_full_record": false, "albums_found": false, "last_modified": "2023-06-22T12:02:20.616Z", "favorite": []}}, {"model": "music.artist", "pk": 69, "fields": {"name": "Borgore miley Cyrus", "disc_id": "8268135", "cover": "", "cover_ext_url": null, "description": null, "is_full_record": false, "albums_found": false, "last_modified": "2023-06-22T12:02:20.619Z", "favorite": []}}, {"model": "music.artist", "pk": 70, "fields": {"name": "Corey Kent White", "disc_id": "6358904", "cover": "band_covers/cover_6358904.jpg", "cover_ext_url": "https://i.discogs.com/XBfQbHRsUu9PRGb9g3bKEZtbxDb23PXv6i3naaoX1AI/rs:fit/g:sm/q:90/h:267/w:270/czM6Ly9kaXNjb2dz/LWRhdGFiYXNlLWlt/YWdlcy9BLTYzNTg5/MDQtMTY0ODk4MDU3/Ny0yMDMyLmpwZWc.jpeg", "description": "American singer", "is_full_record": true, "albums_found": true, "last_modified": "2023-06-22T12:04:11.934Z", "favorite": []}}, {"model": "music.artist", "pk": 71, "fields": {"name": "Post Malone", "disc_id": "4016434", "cover": "band_covers/cover_4016434.jpg", "cover_ext_url": "https://i.discogs.com/-x2VNgKTZLFWUpRqFYlxtBhzb7uGd600Q5nw2cP4F5s/rs:fit/g:sm/q:90/h:600/w:600/czM6Ly9kaXNjb2dz/LWRhdGFiYXNlLWlt/YWdlcy9BLTQwMTY0/MzQtMTY4MzkzNzQz/MS0xNjg3LmpwZWc.jpeg", "description": "Austin Richard Post (born July 4, 1995), known professionally as Post Malone, is an American rapper, singer, songwriter, record producer, and guitarist. He first gained major recognition in February 2015, after the release of his debut single \"White Iverson\". In August 2015, Malone landed a record deal with Republic Records. On December 9, 2016, he released his debut studio album Stoney.\r\n\r\nMalone was born in Syracuse, New York. When he was 9 years old, he and his family moved to Grapevine, Texas. He enjoyed playing basketball and watching sports. His father was the Dallas Cowboys' assistant director of food and beverage, so Malone was able to get free food and tickets to their games. Malone began to play the guitar and auditioned for the band Crown the Empire in 2010, but was rejected after his guitar strings broke during the audition. He credited his initial interest in learning guitar to the popular video game Guitar Hero.\r\n\r\nMalone first began learning how to produce music through FL Studio. When he was 16 years old, he started working on his first mixtape. He showed it to some of his classmates at Grapevine High School, garnering him notoriety at the school. He credited his love for music to his father, who exposed him to music making for all genres, including country music. He enrolled in Syracuse University, attending for only a few months.", "is_full_record": true, "albums_found": true, "last_modified": "2023-06-22T12:04:28.912Z", "favorite": []}}, {"model": "music.album", "pk": 28, "fields": {"title": "Quadrophenia", "full_title": "The Who - Quadrophenia", "year": 1973, "disc_id": "68475", "cover": "", "cover_ext_url": "https://i.discogs.com/dmkhWfNttTRT-mGwIgNGyEhmGxpFitTqdnikg5X6PyU/rs:fit/g:sm/q:90/h:593/w:600/czM6Ly9kaXNjb2dz/LWRhdGFiYXNlLWlt/YWdlcy9SLTEwNjUw/ODItMTMwMTEyOTk5/MS5qcGVn.jpeg", "notes": "The Who's sixth studio album, a \"Rock Opera\" that tells the story of a young mod named Jimmy set in London and Brighton in 1965. It was the only Who album to be written in its entirety by [a=Pete Townshend].\n\nMostly recorded at [url=/label/588374]The Kitchen[/url] (later [l=Ramport Studios]) in Battersea using [l=Ronnie Lane's Mobile Studio], while the studio's control room was being finished, in summer 1973.\n\nA film based on the album was released in 1979 with a [url=/master/68480]soundtrack[/url] featuring some tracks remixed from the original album.\n\nPerformed by:\n[a266348] - Lead vocals\n[a259770] - Bass guitar, French horn, vocals\n[a259772] - Drums, percussion, vocals\n[a256053] - Guitars, keyboards, banjo, cello, vocals, sound effects", "is_full_record": false, "artists": [1], "genres": [1], "favorite": [20]}}, {"model": "music.album", "pk": 106, "fields": {"title": "Villains", "full_title": "Queens Of The Stone Age - Villains", "year": 2017, "disc_id": "1226820", "cover": "", "cover_ext_url": "https://i.discogs.com/CJBZeqN_PDN6MufPoftohqHPBmp2bY_rGL89knOXeMc/rs:fit/g:sm/q:90/h:529/w:600/czM6Ly9kaXNjb2dz/LWRhdGFiYXNlLWlt/YWdlcy9SLTEwNzQw/NDQxLTE1MDM2OTMx/MzEtNTY4MC5qcGVn.jpeg", "notes": null, "is_full_record": false, "artists": [17], "genres": [1], "favorite": [20]}}, {"model": "music.album", "pk": 115, "fields": {"title": "Invasion Of Privacy", "full_title": "Cardi B - Invasion Of Privacy", "year": 2018, "disc_id": "1348255", "cover": "covers/cover_1348255_cMhJiUN.jpg", "cover_ext_url": "https://i.discogs.com/aq1rHXMJ7-mYCju6HE7TLJBkDToqKBQkdco00Jqusvc/rs:fit/g:sm/q:90/h:600/w:600/czM6Ly9kaXNjb2dz/LWRhdGFiYXNlLWlt/YWdlcy9SLTExODY0/ODcyLTE1ODM0MjE2/ODgtNzUwNy5qcGVn.jpeg", "notes": null, "is_full_record": true, "artists": [18], "genres": [2], "favorite": [20]}}, {"model": "music.album", "pk": 123, "fields": {"title": "Nothing Was The Same", "full_title": "Drake - Nothing Was The Same", "year": 2013, "disc_id": "600753", "cover": "covers/cover_600753_GvR5xtt.jpg", "cover_ext_url": "https://i.discogs.com/tIT5sXGNG0J3xdOS-JS_Xb63o4z6B61GUFcQsJHqB-w/rs:fit/g:sm/q:90/h:600/w:600/czM6Ly9kaXNjb2dz/LWRhdGFiYXNlLWlt/YWdlcy9SLTg4Njg4/MzUtMTQ3MDQ1NTg0/OS02NTIzLmpwZWc.jpeg", "notes": null, "is_full_record": true, "artists": [33], "genres": [3, 2], "favorite": [20]}}, {"model": "music.album", "pk": 139, "fields": {"title": "Honestly, Nevermind", "full_title": "Drake - Honestly, Nevermind", "year": 2022, "disc_id": "2677319", "cover": "", "cover_ext_url": "https://i.discogs.com/en3n7tJzpIUDLi52AJuoPSFePoFrnVbNQ6PBQ8oO1sM/rs:fit/g:sm/q:90/h:600/w:600/czM6Ly9kaXNjb2dz/LWRhdGFiYXNlLWlt/YWdlcy9SLTIzNjAy/NTExLTE2NTg1MzU0/NDktNzMwMy5qcGVn.jpeg", "notes": null, "is_full_record": false, "artists": [33], "genres": [4, 2], "favorite": [20]}}, {"model": "music.album", "pk": 161, "fields": {"title": "El Dorado", "full_title": "Shakira - El Dorado", "year": 2017, "disc_id": "1186744", "cover": "", "cover_ext_url": "https://i.discogs.com/zaJ1mbZvbl3gjaXaUi7f_ivwP1adB05O-yFS4OA73U0/rs:fit/g:sm/q:90/h:600/w:600/czM6Ly9kaXNjb2dz/LWRhdGFiYXNlLWlt/YWdlcy9SLTEwMzYy/ODY2LTE0OTc1ODEw/NDgtNjA5OS5qcGVn.jpeg", "notes": null, "is_full_record": false, "artists": [47], "genres": [7, 2, 5, 6, 1], "favorite": [20]}}, {"model": "music.album", "pk": 175, "fields": {"title": "Goodbye & Good Riddance", "full_title": "Juice WRLD - Goodbye & Good Riddance", "year": 2018, "disc_id": "1456983", "cover": "", "cover_ext_url": "https://i.discogs.com/OB-iav1IxKC74FXBG0agFpFotoPPY9P4hL2b4yPMgwg/rs:fit/g:sm/q:90/h:600/w:600/czM6Ly9kaXNjb2dz/LWRhdGFiYXNlLWlt/YWdlcy9SLTEyMTE5/NDIwLTE1NjU0Mzg3/OTktMzkxMy5qcGVn.jpeg", "notes": null, "is_full_record": false, "artists": [50], "genres": [2], "favorite": [20]}}, {"model": "music.album", "pk": 177, "fields": {"title": "Folklore", "full_title": "Taylor Swift - Folklore", "year": 2020, "disc_id": "1777815", "cover": "", "cover_ext_url": "https://i.discogs.com/xUFPuI083LKQbtPq8Ma4bG-uBLso17JrBTKrvQsOaNo/rs:fit/g:sm/q:90/h:600/w:600/czM6Ly9kaXNjb2dz/LWRhdGFiYXNlLWlt/YWdlcy9SLTE1Njcw/OTMwLTE1OTU2MjYw/MDMtNjUxOC5qcGVn.jpeg", "notes": "Vinyl releases were available for pre-order from official US and European Taylor Swift Web-Stores in 8 different editions:\r\n1. In The Trees\r\n2. In The Weeds\r\n3. Meet Me Behind The Mall\r\n4. BettyтАЩs Garden\r\n5. Stolen Lullabies\r\n6. Hide And Seek\r\n7. Running Like Water\r\n8. Clandestine Meetings\r\n\r\n\r\nEach Deluxe Vinyl Album includes:\r\n16 songs + bonus song \"the lakes\"\r\n1 of 8 unique, collectible gatefold covers\r\n1 of 8 unique, collectible back covers\r\n1 of 8 collectible vinyl album inner sleeves (each version contains lyrics, 5 unique photos, and unique artwork)\r\n1 of 8 unique vinyl disc photos\r\n2 vinyl albums (each version including a unique color*)\r\n\r\nUS releases have been pressed by French [l56025], while European releases have been pressed by Czech [l430654]. \r\nAll lacquers have been cut and mastered by [a463852] (RKS) at [l264060]; additionally some pressings have also been cut at [l264060] by [a6012918] (JN-H).", "is_full_record": false, "artists": [51], "genres": [7, 6, 1], "favorite": [20]}}, {"model": "music.album", "pk": 180, "fields": {"title": "Ungodly Hour", "full_title": "Chloe x Halle - Ungodly Hour", "year": 2020, "disc_id": "1760398", "cover": "", "cover_ext_url": "https://i.discogs.com/cbTt8tL_0P0PozkkihJry0OABcSRRZn_g9dRrmxqjfE/rs:fit/g:sm/q:90/h:600/w:600/czM6Ly9kaXNjb2dz/LWRhdGFiYXNlLWlt/YWdlcy9SLTE1NDg3/MDg4LTE1OTIzMzc2/NjktMzk1Mi5qcGVn.jpeg", "notes": null, "is_full_record": false, "artists": [52], "genres": [3, 2, 6], "favorite": [20]}}, {"model": "music.album", "pk": 188, "fields": {"title": "Fetch The Bolt Cutters", "full_title": "Fiona Apple - Fetch The Bolt Cutters", "year": 2020, "disc_id": "1719775", "cover": "covers/cover_1719775_qPHQQg6.jpg", "cover_ext_url": "https://i.discogs.com/9ESl7jlM_0dpFhB4CbzIxjG0yHf31eFFjw2mHPc4zl0/rs:fit/g:sm/q:90/h:592/w:600/czM6Ly9kaXNjb2dz/LWRhdGFiYXNlLWlt/YWdlcy9SLTE1NjYx/NjM0LTE1OTY2MjU4/ODUtNTY5Ny5qcGVn.jpeg", "notes": null, "is_full_record": true, "artists": [53], "genres": [7, 6, 1], "favorite": [20]}}, {"model": "music.album", "pk": 189, "fields": {"title": "Gaslighter", "full_title": "Dixie Chicks - Gaslighter", "year": 2020, "disc_id": "1773368", "cover": "", "cover_ext_url": "https://i.discogs.com/uBlLz8DKGAfYGx0GZJAdhD3eMt5fB0dk1tIEm1TklZw/rs:fit/g:sm/q:90/h:595/w:600/czM6Ly9kaXNjb2dz/LWRhdGFiYXNlLWlt/YWdlcy9SLTE1NjMz/NDU3LTE1OTQ5MTU5/NzItODEzOS5qcGVn.jpeg", "notes": "Some versions of this release feature the old band name \"Dixie Chicks\", some the new band name \"The Chicks\".", "is_full_record": false, "artists": [54], "genres": [7], "favorite": [20]}}, {"model": "music.album", "pk": 197, "fields": {"title": "Eternal Atake", "full_title": "Lil Uzi Vert - Eternal Atake", "year": 2020, "disc_id": "1706292", "cover": "", "cover_ext_url": "https://i.discogs.com/k67bUX9inHAYjmsjbvFfXPyimrJxTQSpcNIOWrh8hsc/rs:fit/g:sm/q:90/h:600/w:600/czM6Ly9kaXNjb2dz/LWRhdGFiYXNlLWlt/YWdlcy9SLTE0ODg5/NDMzLTE1ODY1OTk3/MzUtODg0NC5qcGVn.jpeg", "notes": null, "is_full_record": false, "artists": [55], "genres": [2], "favorite": [20]}}, {"model": "music.album", "pk": 199, "fields": {"title": "Set My Heart On Fire Immediately", "full_title": "Perfume Genius - Set My Heart On Fire Immediately", "year": 2020, "disc_id": "1738432", "cover": "", "cover_ext_url": "https://i.discogs.com/TzKVAZK5outvqAerp2xSavPEoJWImzOZARfhW8W1jMk/rs:fit/g:sm/q:90/h:595/w:600/czM6Ly9kaXNjb2dz/LWRhdGFiYXNlLWlt/YWdlcy9SLTE1MzA5/Mjk0LTE1OTA2Njk0/MTQtMjEwNS5qcGVn.jpeg", "notes": null, "is_full_record": false, "artists": [56], "genres": [6, 1], "favorite": [20]}}, {"model": "music.album", "pk": 201, "fields": {"title": "Ag├╝ita", "full_title": "Gabriel Garz├│n-Montano - Ag├╝ita", "year": 2020, "disc_id": "1813433", "cover": "covers/cover_1813433_XJ39f5j.jpg", "cover_ext_url": "https://i.discogs.com/BsoEzumjzJWTbPp-BkO8plYa0mY8INJY4WEJto4OEqg/rs:fit/g:sm/q:90/h:600/w:600/czM6Ly9kaXNjb2dz/LWRhdGFiYXNlLWlt/YWdlcy9SLTE1OTU2/MDM5LTE2MDA4Nzg4/NjctOTIyMS5qcGVn.jpeg", "notes": null, "is_full_record": true, "artists": [57], "genres": [3, 2, 6], "favorite": [20]}}, {"model": "music.album", "pk": 215, "fields": {"title": "Karma", "full_title": "Kamelot - Karma", "year": 2001, "disc_id": "487330", "cover": "covers/cover_487330_jqKOU4i.jpg", "cover_ext_url": "https://i.discogs.com/rFDcGNRmC0YnpgkWGgLS0H1gWcW4bDgFjkQZ92uxKUk/rs:fit/g:sm/q:90/h:594/w:600/czM6Ly9kaXNjb2dz/LWRhdGFiYXNlLWlt/YWdlcy9SLTQ5MzAz/OS0xNTA5MTE5OTA0/LTQxMzAuanBlZw.jpeg", "notes": null, "is_full_record": true, "artists": [58], "genres": [1], "favorite": [20]}}, {"model": "music.album", "pk": 217, "fields": {"title": "Notes On A Conditional Form", "full_title": "The 1975 - Notes On A Conditional Form", "year": 2020, "disc_id": "1742667", "cover": "", "cover_ext_url": "https://i.discogs.com/TGF-qHPkfvlsq3T0IBzMGNKvgo9Twpkj9vSDyUJD-2g/rs:fit/g:sm/q:90/h:600/w:600/czM6Ly9kaXNjb2dz/LWRhdGFiYXNlLWlt/YWdlcy9SLTE1MzQ5/MzkxLTE1OTAxMzU4/ODQtNDY2My5qcGVn.jpeg", "notes": null, "is_full_record": false, "artists": [59], "genres": [9, 4, 8, 6, 1], "favorite": [20]}}, {"model": "music.album", "pk": 220, "fields": {"title": "Eminem Is Back", "full_title": "Eminem - Eminem Is Back", "year": 2004, "disc_id": "793240", "cover": "", "cover_ext_url": "https://i.discogs.com/1Whyd6fGmFEdbvgtVCrltLHwYC3f1Moi4XkpTx81O0Q/rs:fit/g:sm/q:90/h:594/w:600/czM6Ly9kaXNjb2dz/LWRhdGFiYXNlLWlt/YWdlcy9SLTQyODc0/MC0xNTkxNDc4ODE3/LTE4MTAuanBlZw.jpeg", "notes": null, "is_full_record": false, "artists": [60], "genres": [2], "favorite": [16]}}, {"model": "music.album", "pk": 246, "fields": {"title": "Music To Be Murdered By", "full_title": "Eminem, Slim Shady - Music To Be Murdered By", "year": 2020, "disc_id": "1669732", "cover": "", "cover_ext_url": "https://i.discogs.com/vK0cdG4UVz29VhjfFmaFGJOUqUH7aEAmLT2cfkb5yoc/rs:fit/g:sm/q:90/h:600/w:600/czM6Ly9kaXNjb2dz/LWRhdGFiYXNlLWlt/YWdlcy9SLTE0NjY3/MzUwLTE2NTg5NTAw/NTYtNTQ0Ny5qcGVn.jpeg", "notes": "Music To Be Murdered By is [a=Eminem]'s eleventh studio album, released without prior announcement on digital platforms on January 17, 2020, with physical editions (CD) following two weeks later.\r\nThe album was issued with artwork variants, all mentioning Eminem's alter ego [a=Slim Shady]:\r\nтАв picture of Eminem holding a shovel (digital editions);\r\nтАв picture of Eminem, hatless, with his hands behind his back (standard CD, vinyl & cassette editions);\r\nтАв picture of Eminem holding a gun and axe pointed to his head (limited CD, vinyl & cassette editions).\r\n\r\nAlthough Slim Shady is the monicker appearing on the album artwork, alongside a stylised \"Jason mask\" logo, digital editions metadata credit Eminem and CD / vinyl / cassette editions list Eminem as the performer / main artist on their spines.", "is_full_record": false, "artists": [60, 61], "genres": [2], "favorite": [16]}}, {"model": "music.album", "pk": 248, "fields": {"title": "When We All Fall Asleep, Where Do We Go?", "full_title": "Billie Eilish - When We All Fall Asleep, Where Do We Go?", "year": 2019, "disc_id": "1524311", "cover": "", "cover_ext_url": "https://i.discogs.com/M4pmdZ2Xt5Ar6H1tWWdTigOzAWegwSFwVFyUT3vQzMA/rs:fit/g:sm/q:90/h:600/w:600/czM6Ly9kaXNjb2dz/LWRhdGFiYXNlLWlt/YWdlcy9SLTE2NzI0/MTYwLTE2MDk0NTA0/NzAtNTUyNi5qcGVn.jpeg", "notes": "Debut studio album released on March 29, 2019. The songs \"You Should See Me in a Crown\" and \"When the Party's Over\" were released as the first two singles from the album. The third single, \"Bury a Friend\" was released with the album pre-order on January 30, 2019. The fourth single, \"Wish You Were Gay\", was released on March 4, 2019 and the fifth single, \"Bad Guy\", was released on March 29, 2019, shortly after the album's release. Most of the album's tracks were written during the production of Eilish's 2017 EP \"Don't Smile at Me\". These songs were supposed to be part of an album that was to be released in the summer of 2017, instead \"DonтАЩt Smile at Me\" was released.\r\n", "is_full_record": false, "artists": [62], "genres": [4, 6], "favorite": [16]}}, {"model": "music.album", "pk": 250, "fields": {"title": "Jaime", "full_title": "Brittany Howard - Jaime", "year": 2019, "disc_id": "1608870", "cover": "", "cover_ext_url": "https://i.discogs.com/Kw8WsaeApHzC0y-IiQlJrqR1q3YkV6sKkaxMfHCRsQE/rs:fit/g:sm/q:90/h:540/w:600/czM6Ly9kaXNjb2dz/LWRhdGFiYXNlLWlt/YWdlcy9SLTE0MTQ5/Mjc1LTE1Njg3NDYz/NDktOTczMS5qcGVn.jpeg", "notes": null, "is_full_record": false, "artists": [63], "genres": [6, 1], "favorite": [16]}}, {"model": "music.album", "pk": 257, "fields": {"title": "Athena", "full_title": "Sudan Archives - Athena", "year": 2019, "disc_id": "1628984", "cover": "", "cover_ext_url": "https://i.discogs.com/6X5uxPOC8_mDGlxZX3MYtwIUhNbT7FPmzw1pQHh3_68/rs:fit/g:sm/q:90/h:600/w:600/czM6Ly9kaXNjb2dz/LWRhdGFiYXNlLWlt/YWdlcy9SLTE0MzA3/OTEzLTE1NzQ3MDM2/MjItNTQ5MC5qcGVn.jpeg", "notes": null, "is_full_record": false, "artists": [64], "genres": [7, 3, 2], "favorite": [16]}}, {"model": "music.album", "pk": 264, "fields": {"title": "Kiwanuka", "full_title": "Michael Kiwanuka - Kiwanuka", "year": 2019, "disc_id": "1628873", "cover": "", "cover_ext_url": "https://i.discogs.com/9i7sdkZnUT6VFQkI7tr7oh7qH2dbsziz-PyVxdQUp18/rs:fit/g:sm/q:90/h:542/w:600/czM6Ly9kaXNjb2dz/LWRhdGFiYXNlLWlt/YWdlcy9SLTE0MzQ2/NTY0LTE1OTU1ODkx/MjMtMTMzNy5qcGVn.jpeg", "notes": null, "is_full_record": false, "artists": [65], "genres": [3, 8, 1], "favorite": [16]}}, {"model": "music.album", "pk": 272, "fields": {"title": "Igor", "full_title": "Tyler, The Creator - Igor", "year": 2019, "disc_id": "1591877", "cover": "covers/cover_1591877_6TokW6Z.jpg", "cover_ext_url": "https://i.discogs.com/kNELo5tNWsK9mjX9WfYGpaUhaAyr32CYNKBdly5RMcA/rs:fit/g:sm/q:90/h:600/w:600/czM6Ly9kaXNjb2dz/LWRhdGFiYXNlLWlt/YWdlcy9SLTEzNjM5/NjMyLTE2NDc4MjA4/MjUtNDM2MC5qcGVn.jpeg", "notes": null, "is_full_record": true, "artists": [66], "genres": [3, 2], "favorite": [16]}}, {"model": "music.album", "pk": 275, "fields": {"title": "Call Me If You Get Lost", "full_title": "Tyler, The Creator - Call Me If You Get Lost", "year": 2021, "disc_id": "2192617", "cover": "", "cover_ext_url": "https://i.discogs.com/c4XWiglS5vjOgflotKOHLdaL01ypptt1U0gCRJnsUmk/rs:fit/g:sm/q:90/h:600/w:600/czM6Ly9kaXNjb2dz/LWRhdGFiYXNlLWlt/YWdlcy9SLTE5MjYy/OTUzLTE2NDc4MTgz/NTctNzg2MS5qcGVn.jpeg", "notes": " ", "is_full_record": false, "artists": [66], "genres": [3, 2], "favorite": [16]}}, {"model": "music.album", "pk": 282, "fields": {"title": "Endless Summer Vacation", "full_title": "Miley Cyrus - Endless Summer Vacation", "year": 2023, "disc_id": "3009836", "cover": "covers/cover_3009836_G1VccyA.jpg", "cover_ext_url": "https://i.discogs.com/iLEaiSHuCZ1sl4gcGtSozMxwjv_b7JkxYPEnlCziULE/rs:fit/g:sm/q:90/h:600/w:600/czM6Ly9kaXNjb2dz/LWRhdGFiYXNlLWlt/YWdlcy9SLTI2MzY1/ODExLTE2Nzg0MjEz/MTctNTEzOS5qcGVn.jpeg", "notes": null, "is_full_record": true, "artists": [67], "genres": [6, 1], "favorite": [16]}}, {"model": "music.album", "pk": 300, "fields": {"title": "Hollywood's Bleeding", "full_title": "Post Malone - Hollywood's Bleeding", "year": 2019, "disc_id": "1611652", "cover": "", "cover_ext_url": "https://i.discogs.com/tmsUlvveZXuHiMXgMyFKy0sY9P_Sa5N7clriasXUxIw/rs:fit/g:sm/q:90/h:600/w:600/czM6Ly9kaXNjb2dz/LWRhdGFiYXNlLWlt/YWdlcy9SLTE0MDg1/NTU0LTE1Njc1NjM4/MzItNDEyNC5qcGVn.jpeg", "notes": null, "is_full_record": false, "artists": [71], "genres": [2, 6, 1], "favorite": [16, 18]}}, {"model": "music.track", "pk": 1, "fields": {"title": "Feet Don't Fail Me", "position": 1, "duration": "5:42", "album": 106}}, {"model": "music.track", "pk": 2, "fields": {"title": "The Way You Used To Do", "position": 2, "duration": "4:34", "album": 106}}, {"model": "music.track", "pk": 3, "fields": {"title": "Domesticated Animals", "position": 3, "duration": "5:20", "album": 106}}, {"model": "music.track", "pk": 4, "fields": {"title": "Fortress", "position": 4, "duration": "5:27", "album": 106}}, {"model": "music.track", "pk": 5, "fields": {"title": "Head Like A Haunted House", "position": 5, "duration": "3:21", "album": 106}}, {"model": "music.track", "pk": 6, "fields": {"title": "Un-Reborn Again", "position": 6, "duration": "6:41", "album": 106}}, {"model": "music.track", "pk": 7, "fields": {"title": "Hideaway", "position": 7, "duration": "4:18", "album": 106}}, {"model": "music.track", "pk": 8, "fields": {"title": "The Evil Has Landed", "position": 8, "duration": "6:30", "album": 106}}, {"model": "music.track", "pk": 9, "fields": {"title": "Villains Of Circumstance", "position": 9, "duration": "6:09", "album": 106}}, {"model": "music.track", "pk": 36, "fields": {"title": "Intro", "position": 1, "duration": "0:36", "album": 139}}, {"model": "music.track", "pk": 37, "fields": {"title": "Falling Back", "position": 2, "duration": "4:26", "album": 139}}, {"model": "music.track", "pk": 38, "fields": {"title": "Texts Go Green", "position": 3, "duration": "5:08", "album": 139}}, {"model": "music.track", "pk": 39, "fields": {"title": "Currents", "position": 4, "duration": "2:37", "album": 139}}, {"model": "music.track", "pk": 40, "fields": {"title": "A Keeper", "position": 5, "duration": "2:53", "album": 139}}, {"model": "music.track", "pk": 41, "fields": {"title": "Calling My Name", "position": 6, "duration": "2:09", "album": 139}}, {"model": "music.track", "pk": 42, "fields": {"title": "Sticky", "position": 7, "duration": "4:03", "album": 139}}, {"model": "music.track", "pk": 43, "fields": {"title": "Massive", "position": 8, "duration": "5:36", "album": 139}}, {"model": "music.track", "pk": 44, "fields": {"title": "Flight's Booked", "position": 9, "duration": "4:14", "album": 139}}, {"model": "music.track", "pk": 45, "fields": {"title": "Overdrive", "position": 10, "duration": "3:22", "album": 139}}, {"model": "music.track", "pk": 46, "fields": {"title": "Down Hill", "position": 11, "duration": "4:10", "album": 139}}, {"model": "music.track", "pk": 47, "fields": {"title": "Tie That Binds", "position": 12, "duration": "5:36", "album": 139}}, {"model": "music.track", "pk": 48, "fields": {"title": "Liability", "position": 13, "duration": "3:57", "album": 139}}, {"model": "music.track", "pk": 49, "fields": {"title": "Jimmy Cooks", "position": 14, "duration": "3:38", "album": 139}}, {"model": "music.track", "pk": 50, "fields": {"title": "I Am The Sea", "position": 1, "duration": "", "album": 28}}, {"model": "music.track", "pk": 51, "fields": {"title": "The Real Me", "position": 2, "duration": "", "album": 28}}, {"model": "music.track", "pk": 52, "fields": {"title": "Quadrophenia", "position": 3, "duration": "", "album": 28}}, {"model": "music.track", "pk": 53, "fields": {"title": "Cut My Hair", "position": 4, "duration": "", "album": 28}}, {"model": "music.track", "pk": 54, "fields": {"title": "The Punk And The Godfather", "position": 5, "duration": "", "album": 28}}, {"model": "music.track", "pk": 55, "fields": {"title": "I'm One", "position": 6, "duration": "", "album": 28}}, {"model": "music.track", "pk": 56, "fields": {"title": "The Dirty Jobs", "position": 7, "duration": "", "album": 28}}, {"model": "music.track", "pk": 57, "fields": {"title": "Helpless Dancer", "position": 8, "duration": "", "album": 28}}, {"model": "music.track", "pk": 58, "fields": {"title": "Is It In My Head", "position": 9, "duration": "", "album": 28}}, {"model": "music.track", "pk": 59, "fields": {"title": "I've Had Enough", "position": 10, "duration": "", "album": 28}}, {"model": "music.track", "pk": 60, "fields": {"title": "5:15", "position": 11, "duration": "", "album": 28}}, {"model": "music.track", "pk": 61, "fields": {"title": "Sea And Sand", "position": 12, "duration": "", "album": 28}}, {"model": "music.track", "pk": 62, "fields": {"title": "Drowned", "position": 13, "duration": "", "album": 28}}, {"model": "music.track", "pk": 63, "fields": {"title": "Bell Boy", "position": 14, "duration": "", "album": 28}}, {"model": "music.track", "pk": 64, "fields": {"title": "Doctor Jimmy", "position": 15, "duration": "", "album": 28}}, {"model": "music.track", "pk": 65, "fields": {"title": "The Rock", "position": 16, "duration": "", "album": 28}}, {"model": "music.track", "pk": 66, "fields": {"title": "Love, Reign O'er Me", "position": 17, "duration": "", "album": 28}}, {"model": "music.track", "pk": 67, "fields": {"title": "Me Enamor├й", "position": 1, "duration": "3:46", "album": 161}}, {"model": "music.track", "pk": 68, "fields": {"title": "Nada", "position": 2, "duration": "3:10", "album": 161}}, {"model": "music.track", "pk": 69, "fields": {"title": "Chantaje", "position": 3, "duration": "3:15", "album": 161}}, {"model": "music.track", "pk": 70, "fields": {"title": "When A Woman", "position": 4, "duration": "3:18", "album": 161}}, {"model": "music.track", "pk": 71, "fields": {"title": "Amarillo", "position": 5, "duration": "3:40", "album": 161}}, {"model": "music.track", "pk": 72, "fields": {"title": "Perro Fiel", "position": 6, "duration": "3:16", "album": 161}}, {"model": "music.track", "pk": 73, "fields": {"title": "Trap", "position": 7, "duration": "3:20", "album": 161}}, {"model": "music.track", "pk": 74, "fields": {"title": "Comme Moi", "position": 8, "duration": "3:09", "album": 161}}, {"model": "music.track", "pk": 75, "fields": {"title": "Coconut Tree", "position": 9, "duration": "3:50", "album": 161}}, {"model": "music.track", "pk": 76, "fields": {"title": "La Bicicleta", "position": 10, "duration": "3:48", "album": 161}}, {"model": "music.track", "pk": 77, "fields": {"title": "Deja Vu", "position": 11, "duration": "3:16", "album": 161}}, {"model": "music.track", "pk": 78, "fields": {"title": "What We Said (Comme Moi English Version)", "position": 12, "duration": "3:00", "album": 161}}, {"model": "music.track", "pk": 79, "fields": {"title": "Toneladas", "position": 13, "duration": "3:09", "album": 161}}, {"model": "music.track", "pk": 80, "fields": {"title": "Intro", "position": 1, "duration": "1:14", "album": 175}}, {"model": "music.track", "pk": 81, "fields": {"title": "All Girls Are The Same", "position": 2, "duration": "2:45", "album": 175}}, {"model": "music.track", "pk": 82, "fields": {"title": "Lucid Dreams", "position": 3, "duration": "3:59", "album": 175}}, {"model": "music.track", "pk": 83, "fields": {"title": "Lean Wit Me", "position": 4, "duration": "2:55", "album": 175}}, {"model": "music.track", "pk": 84, "fields": {"title": "Wasted", "position": 5, "duration": "4:18", "album": 175}}, {"model": "music.track", "pk": 85, "fields": {"title": "I'm Still", "position": 6, "duration": "3:12", "album": 175}}, {"model": "music.track", "pk": 86, "fields": {"title": "Betrayal (Skit) ", "position": 7, "duration": "1:04", "album": 175}}, {"model": "music.track", "pk": 87, "fields": {"title": "Candles", "position": 8, "duration": "3:03", "album": 175}}, {"model": "music.track", "pk": 88, "fields": {"title": "Scared Of Love", "position": 9, "duration": "2:50", "album": 175}}, {"model": "music.track", "pk": 89, "fields": {"title": "Used To", "position": 10, "duration": "2:56", "album": 175}}, {"model": "music.track", "pk": 90, "fields": {"title": "Karma (Skit)", "position": 11, "duration": "1:14", "album": 175}}, {"model": "music.track", "pk": 91, "fields": {"title": "Hurt Me", "position": 12, "duration": "2:02", "album": 175}}, {"model": "music.track", "pk": 92, "fields": {"title": "Black & White ", "position": 13, "duration": "3:06", "album": 175}}, {"model": "music.track", "pk": 93, "fields": {"title": "Long Gone", "position": 14, "duration": "3:07", "album": 175}}, {"model": "music.track", "pk": 94, "fields": {"title": "End Of The Road", "position": 15, "duration": "2:42", "album": 175}}, {"model": "music.track", "pk": 95, "fields": {"title": "I'll Be Fine", "position": 16, "duration": "4:04", "album": 175}}, {"model": "music.track", "pk": 96, "fields": {"title": "The 1", "position": 1, "duration": "3:30", "album": 177}}, {"model": "music.track", "pk": 97, "fields": {"title": "Cardigan", "position": 2, "duration": "3:59", "album": 177}}, {"model": "music.track", "pk": 98, "fields": {"title": "The Last Great American Dynasty", "position": 3, "duration": "3:50", "album": 177}}, {"model": "music.track", "pk": 99, "fields": {"title": "Exile", "position": 4, "duration": "4:45", "album": 177}}, {"model": "music.track", "pk": 100, "fields": {"title": "My Tears Ricochet", "position": 5, "duration": "4:15", "album": 177}}, {"model": "music.track", "pk": 101, "fields": {"title": "Mirrorball", "position": 6, "duration": "3:28", "album": 177}}, {"model": "music.track", "pk": 102, "fields": {"title": "Seven", "position": 7, "duration": "3:28", "album": 177}}, {"model": "music.track", "pk": 103, "fields": {"title": "August", "position": 8, "duration": "4:21", "album": 177}}, {"model": "music.track", "pk": 104, "fields": {"title": "This Is Me Trying", "position": 9, "duration": "3:15", "album": 177}}, {"model": "music.track", "pk": 105, "fields": {"title": "Illicit Affairs", "position": 10, "duration": "3:10", "album": 177}}, {"model": "music.track", "pk": 106, "fields": {"title": "Invisible String", "position": 11, "duration": "4:12", "album": 177}}, {"model": "music.track", "pk": 107, "fields": {"title": "Mad Woman", "position": 12, "duration": "3:57", "album": 177}}, {"model": "music.track", "pk": 108, "fields": {"title": "Epiphany", "position": 13, "duration": "4:49", "album": 177}}, {"model": "music.track", "pk": 109, "fields": {"title": "Betty", "position": 14, "duration": "4:54", "album": 177}}, {"model": "music.track", "pk": 110, "fields": {"title": "Peace", "position": 15, "duration": "3:54", "album": 177}}, {"model": "music.track", "pk": 111, "fields": {"title": "Hoax", "position": 16, "duration": "3:40", "album": 177}}, {"model": "music.track", "pk": 112, "fields": {"title": "Intro", "position": 1, "duration": "0:28", "album": 180}}, {"model": "music.track", "pk": 113, "fields": {"title": "Forgive Me", "position": 2, "duration": "2:38", "album": 180}}, {"model": "music.track", "pk": 114, "fields": {"title": "Baby Girl", "position": 3, "duration": "3:32", "album": 180}}, {"model": "music.track", "pk": 115, "fields": {"title": "Do It", "position": 4, "duration": "2:57", "album": 180}}, {"model": "music.track", "pk": 116, "fields": {"title": "Tipsy", "position": 5, "duration": "2:33", "album": 180}}, {"model": "music.track", "pk": 117, "fields": {"title": "Ungodly Hour", "position": 6, "duration": "4:16", "album": 180}}, {"model": "music.track", "pk": 118, "fields": {"title": "Busy Boy", "position": 7, "duration": "3:10", "album": 180}}, {"model": "music.track", "pk": 119, "fields": {"title": "Catch Up", "position": 8, "duration": "3:04", "album": 180}}, {"model": "music.track", "pk": 120, "fields": {"title": "Overwhelmed", "position": 9, "duration": "0:52", "album": 180}}, {"model": "music.track", "pk": 121, "fields": {"title": "Lonely", "position": 10, "duration": "3:15", "album": 180}}, {"model": "music.track", "pk": 122, "fields": {"title": "Don't Make It Harder On Me", "position": 11, "duration": "3:35", "album": 180}}, {"model": "music.track", "pk": 123, "fields": {"title": "Wonder What She Thinks Of Me", "position": 12, "duration": "3:32", "album": 180}}, {"model": "music.track", "pk": 124, "fields": {"title": "ROYL", "position": 13, "duration": "3:25", "album": 180}}, {"model": "music.track", "pk": 138, "fields": {"title": "Gaslighter", "position": 1, "duration": "", "album": 189}}, {"model": "music.track", "pk": 139, "fields": {"title": "Sleep At Night", "position": 2, "duration": "", "album": 189}}, {"model": "music.track", "pk": 140, "fields": {"title": "Texas Man", "position": 3, "duration": "", "album": 189}}, {"model": "music.track", "pk": 141, "fields": {"title": "Everybody Loves You", "position": 4, "duration": "", "album": 189}}, {"model": "music.track", "pk": 142, "fields": {"title": "For Her", "position": 5, "duration": "", "album": 189}}, {"model": "music.track", "pk": 143, "fields": {"title": "March March", "position": 6, "duration": "", "album": 189}}, {"model": "music.track", "pk": 144, "fields": {"title": "My Best FriendтАЩs Weddings", "position": 7, "duration": "", "album": 189}}, {"model": "music.track", "pk": 145, "fields": {"title": "Tights On My Boat", "position": 8, "duration": "", "album": 189}}, {"model": "music.track", "pk": 146, "fields": {"title": "Julianna Calm Down", "position": 9, "duration": "", "album": 189}}, {"model": "music.track", "pk": 147, "fields": {"title": "Young Man", "position": 10, "duration": "", "album": 189}}, {"model": "music.track", "pk": 148, "fields": {"title": "Hope ItтАЩs Something Good", "position": 11, "duration": "", "album": 189}}, {"model": "music.track", "pk": 149, "fields": {"title": "Set Me Free", "position": 12, "duration": "", "album": 189}}, {"model": "music.track", "pk": 150, "fields": {"title": "Baby Pluto", "position": 1, "duration": "3:30", "album": 197}}, {"model": "music.track", "pk": 151, "fields": {"title": "Lo Mein", "position": 2, "duration": "3:15", "album": 197}}, {"model": "music.track", "pk": 152, "fields": {"title": "Silly Watch", "position": 3, "duration": "3:15", "album": 197}}, {"model": "music.track", "pk": 153, "fields": {"title": "POP", "position": 4, "duration": "3:47", "album": 197}}, {"model": "music.track", "pk": 154, "fields": {"title": "You Better Move", "position": 5, "duration": "3:16", "album": 197}}, {"model": "music.track", "pk": 155, "fields": {"title": "Homecoming", "position": 6, "duration": "3:33", "album": 197}}, {"model": "music.track", "pk": 156, "fields": {"title": "I'm Sorry", "position": 7, "duration": "3:31", "album": 197}}, {"model": "music.track", "pk": 157, "fields": {"title": "Celebration Station", "position": 8, "duration": "3:15", "album": 197}}, {"model": "music.track", "pk": 158, "fields": {"title": "Bigger Than Life", "position": 9, "duration": "3:12", "album": 197}}, {"model": "music.track", "pk": 159, "fields": {"title": "Chrome Heart Tags", "position": 10, "duration": "3:32", "album": 197}}, {"model": "music.track", "pk": 160, "fields": {"title": "Bust Me", "position": 11, "duration": "3:14", "album": 197}}, {"model": "music.track", "pk": 161, "fields": {"title": "Prices", "position": 12, "duration": "3:53", "album": 197}}, {"model": "music.track", "pk": 162, "fields": {"title": "Urgency", "position": 13, "duration": "3:01", "album": 197}}, {"model": "music.track", "pk": 163, "fields": {"title": "Venetia", "position": 14, "duration": "3:08", "album": 197}}, {"model": "music.track", "pk": 164, "fields": {"title": "Secure The Bag", "position": 15, "duration": "3:58", "album": 197}}, {"model": "music.track", "pk": 165, "fields": {"title": "P2", "position": 16, "duration": "3:54", "album": 197}}, {"model": "music.track", "pk": 166, "fields": {"title": "Futsal Shuffle 2020", "position": 17, "duration": "3:18", "album": 197}}, {"model": "music.track", "pk": 167, "fields": {"title": "That Way", "position": 18, "duration": "3:32", "album": 197}}, {"model": "music.track", "pk": 168, "fields": {"title": "Whole Life", "position": 1, "duration": "3:53", "album": 199}}, {"model": "music.track", "pk": 169, "fields": {"title": "Describe", "position": 2, "duration": "4:44", "album": 199}}, {"model": "music.track", "pk": 170, "fields": {"title": "Without You", "position": 3, "duration": "2:35", "album": 199}}, {"model": "music.track", "pk": 171, "fields": {"title": "Jason", "position": 4, "duration": "3:05", "album": 199}}, {"model": "music.track", "pk": 172, "fields": {"title": "Leave", "position": 5, "duration": "3:05", "album": 199}}, {"model": "music.track", "pk": 173, "fields": {"title": "On The Floor", "position": 6, "duration": "5:03", "album": 199}}, {"model": "music.track", "pk": 174, "fields": {"title": "Your Body Changes Everything", "position": 7, "duration": "4:13", "album": 199}}, {"model": "music.track", "pk": 175, "fields": {"title": "Moonbend", "position": 8, "duration": "5:21", "album": 199}}, {"model": "music.track", "pk": 176, "fields": {"title": "Just A Touch", "position": 9, "duration": "3:28", "album": 199}}, {"model": "music.track", "pk": 177, "fields": {"title": "Nothing At All", "position": 10, "duration": "4:27", "album": 199}}, {"model": "music.track", "pk": 178, "fields": {"title": "One More Try", "position": 11, "duration": "3:01", "album": 199}}, {"model": "music.track", "pk": 179, "fields": {"title": "Some Dream", "position": 12, "duration": "4:18", "album": 199}}, {"model": "music.track", "pk": 180, "fields": {"title": "Borrowed Light", "position": 13, "duration": "3:22", "album": 199}}, {"model": "music.track", "pk": 204, "fields": {"title": "The 1975", "position": 1, "duration": "4:56", "album": 217}}, {"model": "music.track", "pk": 205, "fields": {"title": "People", "position": 2, "duration": "2:39", "album": 217}}, {"model": "music.track", "pk": 206, "fields": {"title": "The End (Music For Cars)", "position": 3, "duration": "2:31", "album": 217}}, {"model": "music.track", "pk": 207, "fields": {"title": "Frail State Of Mind", "position": 4, "duration": "3:54", "album": 217}}, {"model": "music.track", "pk": 208, "fields": {"title": "Streaming", "position": 5, "duration": "1:33", "album": 217}}, {"model": "music.track", "pk": 209, "fields": {"title": "The Birthday Party", "position": 6, "duration": "4:46", "album": 217}}, {"model": "music.track", "pk": 210, "fields": {"title": "Yeah I Know", "position": 7, "duration": "4:13", "album": 217}}, {"model": "music.track", "pk": 211, "fields": {"title": "Then Because She Goes", "position": 8, "duration": "2:07", "album": 217}}, {"model": "music.track", "pk": 212, "fields": {"title": "Jesus Christ 2005 God Bless America", "position": 9, "duration": "4:24", "album": 217}}, {"model": "music.track", "pk": 213, "fields": {"title": "Roadkill", "position": 10, "duration": "2:55", "album": 217}}, {"model": "music.track", "pk": 214, "fields": {"title": "Me & You Together Song", "position": 11, "duration": "3:27", "album": 217}}, {"model": "music.track", "pk": 215, "fields": {"title": "I Think There's Something You Should Know", "position": 12, "duration": "4:01", "album": 217}}, {"model": "music.track", "pk": 216, "fields": {"title": "Nothing Revealed / Everything Denied", "position": 13, "duration": "3:38", "album": 217}}, {"model": "music.track", "pk": 217, "fields": {"title": "Tonight (I Wish I Was Your Boy)", "position": 14, "duration": "4:07", "album": 217}}, {"model": "music.track", "pk": 218, "fields": {"title": "Shiny Collarbone", "position": 15, "duration": "2:51", "album": 217}}, {"model": "music.track", "pk": 219, "fields": {"title": "If You're Too Shy (Let Me Know)", "position": 16, "duration": "5:19", "album": 217}}, {"model": "music.track", "pk": 220, "fields": {"title": "Playing On My Mind", "position": 17, "duration": "3:24", "album": 217}}, {"model": "music.track", "pk": 221, "fields": {"title": "Having No Head", "position": 18, "duration": "6:05", "album": 217}}, {"model": "music.track", "pk": 222, "fields": {"title": "What Should I Say", "position": 19, "duration": "4:06", "album": 217}}, {"model": "music.track", "pk": 223, "fields": {"title": "Bagsy Not In Net", "position": 20, "duration": "2:27", "album": 217}}, {"model": "music.track", "pk": 224, "fields": {"title": "Don't Worry", "position": 21, "duration": "2:48", "album": 217}}, {"model": "music.track", "pk": 225, "fields": {"title": "Guys", "position": 22, "duration": "4:30", "album": 217}}, {"model": "music.track", "pk": 226, "fields": {"title": "Hellbound", "position": 1, "duration": "3:58", "album": 220}}, {"model": "music.track", "pk": 227, "fields": {"title": "Nuttin' To Do", "position": 2, "duration": "4:13", "album": 220}}, {"model": "music.track", "pk": 228, "fields": {"title": "She's The One", "position": 3, "duration": "3:40", "album": 220}}, {"model": "music.track", "pk": 229, "fields": {"title": "Threesixfive", "position": 4, "duration": "4:38", "album": 220}}, {"model": "music.track", "pk": 230, "fields": {"title": "Scary Movies", "position": 5, "duration": "3:46", "album": 220}}, {"model": "music.track", "pk": 231, "fields": {"title": "Rush Ya Clique", "position": 6, "duration": "4:31", "album": 220}}, {"model": "music.track", "pk": 232, "fields": {"title": "Hustlers & Hardcore", "position": 7, "duration": "3:08", "album": 220}}, {"model": "music.track", "pk": 233, "fields": {"title": "Rock City", "position": 8, "duration": "4:05", "album": 220}}, {"model": "music.track", "pk": 234, "fields": {"title": "Macosa (Demo Version, Previously Unreleased)", "position": 9, "duration": "5:15", "album": 220}}, {"model": "music.track", "pk": 235, "fields": {"title": "Nuttin' To Do (Clean Radio Version)", "position": 10, "duration": "4:13", "album": 220}}, {"model": "music.track", "pk": 236, "fields": {"title": "Scary Movies (Instrumental Version)", "position": 11, "duration": "3:42", "album": 220}}, {"model": "music.track", "pk": 237, "fields": {"title": "Premonition (Intro)", "position": 1, "duration": "2:53", "album": 246}}, {"model": "music.track", "pk": 238, "fields": {"title": "Unaccommodating", "position": 2, "duration": "3:36", "album": 246}}, {"model": "music.track", "pk": 239, "fields": {"title": "You Gon' Learn", "position": 3, "duration": "3:54", "album": 246}}, {"model": "music.track", "pk": 240, "fields": {"title": "Alfred (Interlude)", "position": 4, "duration": "0:30", "album": 246}}, {"model": "music.track", "pk": 241, "fields": {"title": "Those Kinda Nights", "position": 5, "duration": "2:57", "album": 246}}, {"model": "music.track", "pk": 242, "fields": {"title": "In Too Deep", "position": 6, "duration": "3:14", "album": 246}}, {"model": "music.track", "pk": 243, "fields": {"title": "Godzilla", "position": 7, "duration": "3:30", "album": 246}}, {"model": "music.track", "pk": 244, "fields": {"title": "Darkness", "position": 8, "duration": "5:37", "album": 246}}, {"model": "music.track", "pk": 245, "fields": {"title": "Leaving Heaven", "position": 9, "duration": "4:25", "album": 246}}, {"model": "music.track", "pk": 246, "fields": {"title": "Yah Yah", "position": 10, "duration": "4:47", "album": 246}}, {"model": "music.track", "pk": 247, "fields": {"title": "Stepdad (Intro)", "position": 11, "duration": "0:15", "album": 246}}, {"model": "music.track", "pk": 248, "fields": {"title": "Stepdad", "position": 12, "duration": "3:33", "album": 246}}, {"model": "music.track", "pk": 249, "fields": {"title": "Marsh", "position": 13, "duration": "3:20", "album": 246}}, {"model": "music.track", "pk": 250, "fields": {"title": "Never Love Again", "position": 14, "duration": "2:57", "album": 246}}, {"model": "music.track", "pk": 251, "fields": {"title": "Little Engine", "position": 15, "duration": "2:57", "album": 246}}, {"model": "music.track", "pk": 252, "fields": {"title": "Lock It Up", "position": 16, "duration": "2:50", "album": 246}}, {"model": "music.track", "pk": 253, "fields": {"title": "Farewell", "position": 17, "duration": "4:07", "album": 246}}, {"model": "music.track", "pk": 254, "fields": {"title": "No Regrets", "position": 18, "duration": "3:20", "album": 246}}, {"model": "music.track", "pk": 255, "fields": {"title": "I Will", "position": 19, "duration": "5:03", "album": 246}}, {"model": "music.track", "pk": 256, "fields": {"title": "Alfred (Outro)", "position": 20, "duration": "0:39", "album": 246}}, {"model": "music.track", "pk": 257, "fields": {"title": "!!!!!!!", "position": 1, "duration": "0:14", "album": 248}}, {"model": "music.track", "pk": 258, "fields": {"title": "Bad Guy", "position": 2, "duration": "3:14", "album": 248}}, {"model": "music.track", "pk": 259, "fields": {"title": "Xanny", "position": 3, "duration": "4:04", "album": 248}}, {"model": "music.track", "pk": 260, "fields": {"title": "You Should See Me In A Crown", "position": 4, "duration": "3:01", "album": 248}}, {"model": "music.track", "pk": 261, "fields": {"title": "All The Good Girls Go To Hell", "position": 5, "duration": "2:49", "album": 248}}, {"model": "music.track", "pk": 262, "fields": {"title": "Wish You Were Gay", "position": 6, "duration": "3:42", "album": 248}}, {"model": "music.track", "pk": 263, "fields": {"title": "When The Party's Over", "position": 7, "duration": "3:16", "album": 248}}, {"model": "music.track", "pk": 264, "fields": {"title": "8", "position": 8, "duration": "2:53", "album": 248}}, {"model": "music.track", "pk": 265, "fields": {"title": "My Strange Addiction", "position": 9, "duration": "3:00", "album": 248}}, {"model": "music.track", "pk": 266, "fields": {"title": "Bury A Friend", "position": 10, "duration": "3:13", "album": 248}}, {"model": "music.track", "pk": 267, "fields": {"title": "Ilomilo", "position": 11, "duration": "2:36", "album": 248}}, {"model": "music.track", "pk": 268, "fields": {"title": "Listen Before I Go", "position": 12, "duration": "4:03", "album": 248}}, {"model": "music.track", "pk": 269, "fields": {"title": "I Love You", "position": 13, "duration": "4:52", "album": 248}}, {"model": "music.track", "pk": 270, "fields": {"title": "Goodbye", "position": 14, "duration": "1:59", "album": 248}}, {"model": "music.track", "pk": 271, "fields": {"title": "History Repeats", "position": 1, "duration": "", "album": 250}}, {"model": "music.track", "pk": 272, "fields": {"title": "He Loves Me", "position": 2, "duration": "", "album": 250}}, {"model": "music.track", "pk": 273, "fields": {"title": "Georgia", "position": 3, "duration": "", "album": 250}}, {"model": "music.track", "pk": 274, "fields": {"title": "Stay High", "position": 4, "duration": "", "album": 250}}, {"model": "music.track", "pk": 275, "fields": {"title": "Tomorrow", "position": 5, "duration": "", "album": 250}}, {"model": "music.track", "pk": 276, "fields": {"title": "Short & Sweet", "position": 6, "duration": "", "album": 250}}, {"model": "music.track", "pk": 277, "fields": {"title": "13th Century Metal", "position": 7, "duration": "", "album": 250}}, {"model": "music.track", "pk": 278, "fields": {"title": "Baby", "position": 8, "duration": "", "album": 250}}, {"model": "music.track", "pk": 279, "fields": {"title": "Goat Head", "position": 9, "duration": "", "album": 250}}, {"model": "music.track", "pk": 280, "fields": {"title": "Presence", "position": 10, "duration": "", "album": 250}}, {"model": "music.track", "pk": 281, "fields": {"title": "Run To Me", "position": 11, "duration": "", "album": 250}}, {"model": "music.track", "pk": 282, "fields": {"title": "Did You Know?", "position": 1, "duration": "", "album": 257}}, {"model": "music.track", "pk": 283, "fields": {"title": "Confessions", "position": 2, "duration": "", "album": 257}}, {"model": "music.track", "pk": 284, "fields": {"title": "Black Vivaldi Sonata", "position": 3, "duration": "", "album": 257}}, {"model": "music.track", "pk": 285, "fields": {"title": "Down On Me", "position": 4, "duration": "", "album": 257}}, {"model": "music.track", "pk": 286, "fields": {"title": "Ballet Of The Unhatched Twins I", "position": 5, "duration": "", "album": 257}}, {"model": "music.track", "pk": 287, "fields": {"title": "Green Eyes", "position": 6, "duration": "", "album": 257}}, {"model": "music.track", "pk": 288, "fields": {"title": "Iceland Moss", "position": 7, "duration": "", "album": 257}}, {"model": "music.track", "pk": 289, "fields": {"title": "Coming Up", "position": 8, "duration": "", "album": 257}}, {"model": "music.track", "pk": 290, "fields": {"title": "House Of Open Tuning II", "position": 9, "duration": "", "album": 257}}, {"model": "music.track", "pk": 291, "fields": {"title": "Glorious", "position": 10, "duration": "", "album": 257}}, {"model": "music.track", "pk": 292, "fields": {"title": "Stuck", "position": 11, "duration": "", "album": 257}}, {"model": "music.track", "pk": 293, "fields": {"title": "Limitless", "position": 12, "duration": "", "album": 257}}, {"model": "music.track", "pk": 294, "fields": {"title": "Honey", "position": 13, "duration": "", "album": 257}}, {"model": "music.track", "pk": 295, "fields": {"title": "Pelicans In The Summer", "position": 14, "duration": "", "album": 257}}, {"model": "music.track", "pk": 296, "fields": {"title": "You Ain't The Problem", "position": 1, "duration": "4:10", "album": 264}}, {"model": "music.track", "pk": 297, "fields": {"title": "Rolling ", "position": 2, "duration": "2:51", "album": 264}}, {"model": "music.track", "pk": 298, "fields": {"title": "I've Been Dazed", "position": 3, "duration": "4:25", "album": 264}}, {"model": "music.track", "pk": 299, "fields": {"title": "Piano Joint (This Kind Of Love) Intro", "position": 4, "duration": "2:18", "album": 264}}, {"model": "music.track", "pk": 300, "fields": {"title": "Piano Joint (This Kind Of Love)", "position": 5, "duration": "3:51", "album": 264}}, {"model": "music.track", "pk": 301, "fields": {"title": "Another Human Being (Interlude)", "position": 6, "duration": "1:51", "album": 264}}, {"model": "music.track", "pk": 302, "fields": {"title": "Living In Denial", "position": 7, "duration": "3:31", "album": 264}}, {"model": "music.track", "pk": 303, "fields": {"title": "Hero ", "position": 8, "duration": "4:39", "album": 264}}, {"model": "music.track", "pk": 304, "fields": {"title": "Hard To Say Goodbye", "position": 9, "duration": "7:05", "album": 264}}, {"model": "music.track", "pk": 305, "fields": {"title": "Final Days ", "position": 10, "duration": "4:10", "album": 264}}, {"model": "music.track", "pk": 306, "fields": {"title": "Interlude (Loving The People)", "position": 11, "duration": "2:42", "album": 264}}, {"model": "music.track", "pk": 307, "fields": {"title": "Solid Ground ", "position": 12, "duration": "3:53", "album": 264}}, {"model": "music.track", "pk": 308, "fields": {"title": "Light ", "position": 13, "duration": "5:50", "album": 264}}, {"model": "music.track", "pk": 321, "fields": {"title": "Sir Baudelaire", "position": 1, "duration": "1:28", "album": 275}}, {"model": "music.track", "pk": 322, "fields": {"title": "Corso", "position": 2, "duration": "2:26", "album": 275}}, {"model": "music.track", "pk": 323, "fields": {"title": "Lemonhead", "position": 3, "duration": "2:10", "album": 275}}, {"model": "music.track", "pk": 324, "fields": {"title": "Wusyaname", "position": 4, "duration": "2:01", "album": 275}}, {"model": "music.track", "pk": 325, "fields": {"title": "Lumberjack", "position": 5, "duration": "2:18", "album": 275}}, {"model": "music.track", "pk": 326, "fields": {"title": "Hot Wind Blows", "position": 6, "duration": "2:35", "album": 275}}, {"model": "music.track", "pk": 327, "fields": {"title": "Massa", "position": 7, "duration": "3:43", "album": 275}}, {"model": "music.track", "pk": 328, "fields": {"title": "Runitup", "position": 8, "duration": "3:49", "album": 275}}, {"model": "music.track", "pk": 329, "fields": {"title": "Manifesto", "position": 9, "duration": "2:55", "album": 275}}, {"model": "music.track", "pk": 330, "fields": {"title": "Sweet / I Thought You Wanted To Dance", "position": 10, "duration": "9:48", "album": 275}}, {"model": "music.track", "pk": 331, "fields": {"title": "Momma Talk", "position": 11, "duration": "1:10", "album": 275}}, {"model": "music.track", "pk": 332, "fields": {"title": "Rise!", "position": 12, "duration": "3:23", "album": 275}}, {"model": "music.track", "pk": 333, "fields": {"title": "Blessed", "position": 13, "duration": "0:57", "album": 275}}, {"model": "music.track", "pk": 334, "fields": {"title": "Juggernaut", "position": 14, "duration": "2:26", "album": 275}}, {"model": "music.track", "pk": 335, "fields": {"title": "Wilshire", "position": 15, "duration": "8:35", "album": 275}}, {"model": "music.track", "pk": 336, "fields": {"title": "Safari", "position": 16, "duration": "2:57", "album": 275}}, {"model": "music.track", "pk": 350, "fields": {"title": "Hollywood's Bleeding", "position": 1, "duration": "2:36", "album": 300}}, {"model": "music.track", "pk": 351, "fields": {"title": "Saint-Tropez", "position": 2, "duration": "2:30", "album": 300}}, {"model": "music.track", "pk": 352, "fields": {"title": "Enemies", "position": 3, "duration": "3:16", "album": 300}}, {"model": "music.track", "pk": 353, "fields": {"title": "Allergic", "position": 4, "duration": "2:36", "album": 300}}, {"model": "music.track", "pk": 354, "fields": {"title": "A Thousand Bad Times", "position": 5, "duration": "3:41", "album": 300}}, {"model": "music.track", "pk": 355, "fields": {"title": "Circles", "position": 6, "duration": "3:34", "album": 300}}, {"model": "music.track", "pk": 356, "fields": {"title": "Die For Me", "position": 7, "duration": "4:05", "album": 300}}, {"model": "music.track", "pk": 357, "fields": {"title": "On The Road", "position": 8, "duration": "3:38", "album": 300}}, {"model": "music.track", "pk": 358, "fields": {"title": "Take What You Want", "position": 9, "duration": "3:49", "album": 300}}, {"model": "music.track", "pk": 359, "fields": {"title": "I'm Gonna Be", "position": 10, "duration": "3:20", "album": 300}}, {"model": "music.track", "pk": 360, "fields": {"title": "Staring At The Sun", "position": 11, "duration": "2:48", "album": 300}}, {"model": "music.track", "pk": 361, "fields": {"title": "Sunflower (Spider-Man: Into The Spider-Verse)", "position": 12, "duration": "2:38", "album": 300}}, {"model": "music.track", "pk": 362, "fields": {"title": "Internet", "position": 13, "duration": "2:03", "album": 300}}, {"model": "music.track", "pk": 363, "fields": {"title": "Goodbyes", "position": 14, "duration": "2:56", "album": 300}}, {"model": "music.track", "pk": 364, "fields": {"title": "Myself", "position": 15, "duration": "2:38", "album": 300}}, {"model": "music.track", "pk": 365, "fields": {"title": "I Know", "position": 16, "duration": "2:21", "album": 300}}, {"model": "music.track", "pk": 366, "fields": {"title": "Wow.", "position": 17, "duration": "2:29", "album": 300}}, {"model": "music.track", "pk": 367, "fields": {"title": "Flowers", "position": 1, "duration": "3:20", "album": 282}}, {"model": "music.track", "pk": 368, "fields": {"title": "Jaded", "position": 2, "duration": "3:05", "album": 282}}, {"model": "music.track", "pk": 369, "fields": {"title": "Rose Colored Lenses", "position": 3, "duration": "3:43", "album": 282}}, {"model": "music.track", "pk": 370, "fields": {"title": "Thousand Miles", "position": 4, "duration": "3:51", "album": 282}}, {"model": "music.track", "pk": 371, "fields": {"title": "You", "position": 5, "duration": "2:59", "album": 282}}, {"model": "music.track", "pk": 372, "fields": {"title": "Handstand", "position": 6, "duration": "3:25", "album": 282}}, {"model": "music.track", "pk": 373, "fields": {"title": "River", "position": 7, "duration": "2:42", "album": 282}}, {"model": "music.track", "pk": 374, "fields": {"title": "Violet Chemistry ", "position": 8, "duration": "4:06", "album": 282}}, {"model": "music.track", "pk": 375, "fields": {"title": "Muddy Feet ", "position": 9, "duration": "2:16", "album": 282}}, {"model": "music.track", "pk": 376, "fields": {"title": "Wildcard", "position": 10, "duration": "3:13", "album": 282}}, {"model": "music.track", "pk": 377, "fields": {"title": "Island", "position": 11, "duration": "3:59", "album": 282}}, {"model": "music.track", "pk": 378, "fields": {"title": "Wonder Woman", "position": 12, "duration": "3:05", "album": 282}}, {"model": "music.track", "pk": 379, "fields": {"title": "Flowers (Demo)", "position": 13, "duration": "3:30", "album": 282}}, {"model": "music.track", "pk": 380, "fields": {"title": "Igor's Theme", "position": 1, "duration": "3:21", "album": 272}}, {"model": "music.track", "pk": 381, "fields": {"title": "Earfquake ", "position": 2, "duration": "3:10", "album": 272}}, {"model": "music.track", "pk": 382, "fields": {"title": "I Think", "position": 3, "duration": "3:32", "album": 272}}, {"model": "music.track", "pk": 383, "fields": {"title": "Exactly What You Run From You End Up Chasing", "position": 4, "duration": "0:15", "album": 272}}, {"model": "music.track", "pk": 384, "fields": {"title": "Running Out Of Time", "position": 5, "duration": "2:57", "album": 272}}, {"model": "music.track", "pk": 385, "fields": {"title": "New Magic Wand", "position": 6, "duration": "3:15", "album": 272}}, {"model": "music.track", "pk": 386, "fields": {"title": "A Boy Is A Gun", "position": 7, "duration": "3:30", "album": 272}}, {"model": "music.track", "pk": 387, "fields": {"title": "Puppet", "position": 8, "duration": "2:59", "album": 272}}, {"model": "music.track", "pk": 388, "fields": {"title": "What's Good", "position": 9, "duration": "3:26", "album": 272}}, {"model": "music.track", "pk": 389, "fields": {"title": "Gone, Gone / Thank You", "position": 10, "duration": "6:15", "album": 272}}, {"model": "music.track", "pk": 390, "fields": {"title": "I Don't Love You Anymore", "position": 11, "duration": "2:41", "album": 272}}, {"model": "music.track", "pk": 391, "fields": {"title": "Are We Still Friends?", "position": 12, "duration": "4:25", "album": 272}}, {"model": "music.track", "pk": 392, "fields": {"title": "Tuscan Leather", "position": 1, "duration": "", "album": 123}}, {"model": "music.track", "pk": 393, "fields": {"title": "Furthest Thing", "position": 2, "duration": "", "album": 123}}, {"model": "music.track", "pk": 394, "fields": {"title": "Started From The Bottom", "position": 3, "duration": "", "album": 123}}, {"model": "music.track", "pk": 395, "fields": {"title": "Wu-Tang Forever", "position": 4, "duration": "", "album": 123}}, {"model": "music.track", "pk": 396, "fields": {"title": "Own It", "position": 5, "duration": "", "album": 123}}, {"model": "music.track", "pk": 397, "fields": {"title": "Worst Behavior", "position": 6, "duration": "", "album": 123}}, {"model": "music.track", "pk": 398, "fields": {"title": "From Time", "position": 7, "duration": "", "album": 123}}, {"model": "music.track", "pk": 399, "fields": {"title": "Hold On, We're Going Home", "position": 8, "duration": "", "album": 123}}, {"model": "music.track", "pk": 400, "fields": {"title": "Connect", "position": 9, "duration": "", "album": 123}}, {"model": "music.track", "pk": 401, "fields": {"title": "The Language", "position": 10, "duration": "", "album": 123}}, {"model": "music.track", "pk": 402, "fields": {"title": "305 To My City", "position": 11, "duration": "", "album": 123}}, {"model": "music.track", "pk": 403, "fields": {"title": "Too Much", "position": 12, "duration": "", "album": 123}}, {"model": "music.track", "pk": 404, "fields": {"title": "Pound Cake/Paris Morton Music 2", "position": 13, "duration": "", "album": 123}}, {"model": "music.track", "pk": 405, "fields": {"title": "Get Up 10", "position": 1, "duration": "3:51", "album": 115}}, {"model": "music.track", "pk": 406, "fields": {"title": "Drip ", "position": 2, "duration": "4:22", "album": 115}}, {"model": "music.track", "pk": 407, "fields": {"title": "Bickenhead", "position": 3, "duration": "3:01", "album": 115}}, {"model": "music.track", "pk": 408, "fields": {"title": "Bodak Yellow", "position": 4, "duration": "3:43", "album": 115}}, {"model": "music.track", "pk": 409, "fields": {"title": "Be Careful", "position": 5, "duration": "3:30", "album": 115}}, {"model": "music.track", "pk": 410, "fields": {"title": "Best Life ", "position": 6, "duration": "4:44", "album": 115}}, {"model": "music.track", "pk": 411, "fields": {"title": "I Like It", "position": 7, "duration": "4:13", "album": 115}}, {"model": "music.track", "pk": 412, "fields": {"title": "Ring", "position": 8, "duration": "2:57", "album": 115}}, {"model": "music.track", "pk": 413, "fields": {"title": "Money Bag", "position": 9, "duration": "3:49", "album": 115}}, {"model": "music.track", "pk": 414, "fields": {"title": "Bartier Cardi", "position": 10, "duration": "3:44", "album": 115}}, {"model": "music.track", "pk": 415, "fields": {"title": "She Bad", "position": 11, "duration": "3:50", "album": 115}}, {"model": "music.track", "pk": 416, "fields": {"title": "Thru Your Phone", "position": 12, "duration": "3:08", "album": 115}}, {"model": "music.track", "pk": 417, "fields": {"title": "I Do ", "position": 13, "duration": "3:20", "album": 115}}, {"model": "music.track", "pk": 418, "fields": {"title": "Tombs", "position": 1, "duration": "", "album": 201}}, {"model": "music.track", "pk": 419, "fields": {"title": "With a Smile", "position": 2, "duration": "", "album": 201}}, {"model": "music.track", "pk": 420, "fields": {"title": "Mu├▒eca", "position": 3, "duration": "", "album": 201}}, {"model": "music.track", "pk": 421, "fields": {"title": "Fields", "position": 4, "duration": "", "album": 201}}, {"model": "music.track", "pk": 422, "fields": {"title": "Mira My Look", "position": 5, "duration": "", "album": 201}}, {"model": "music.track", "pk": 423, "fields": {"title": "Moonless", "position": 6, "duration": "", "album": 201}}, {"model": "music.track", "pk": 424, "fields": {"title": "Someone", "position": 7, "duration": "", "album": 201}}, {"model": "music.track", "pk": 425, "fields": {"title": "Bloom", "position": 8, "duration": "", "album": 201}}, {"model": "music.track", "pk": 426, "fields": {"title": "Ag├╝ita", "position": 9, "duration": "", "album": 201}}, {"model": "music.track", "pk": 427, "fields": {"title": "Blue Dot", "position": 10, "duration": "", "album": 201}}, {"model": "music.track", "pk": 428, "fields": {"title": "I Want You To Love Me", "position": 1, "duration": "3:58", "album": 188}}, {"model": "music.track", "pk": 429, "fields": {"title": "Shameika", "position": 2, "duration": "4:09", "album": 188}}, {"model": "music.track", "pk": 430, "fields": {"title": "FTBC", "position": 3, "duration": "4:59", "album": 188}}, {"model": "music.track", "pk": 431, "fields": {"title": "Under The Table", "position": 4, "duration": "3:21", "album": 188}}, {"model": "music.track", "pk": 432, "fields": {"title": "Relay", "position": 5, "duration": "4:49", "album": 188}}, {"model": "music.track", "pk": 433, "fields": {"title": "Rack Of His", "position": 6, "duration": "3:42", "album": 188}}, {"model": "music.track", "pk": 434, "fields": {"title": "Newspaper", "position": 7, "duration": "5:33", "album": 188}}, {"model": "music.track", "pk": 435, "fields": {"title": "Ladies", "position": 8, "duration": "5:25", "album": 188}}, {"model": "music.track", "pk": 436, "fields": {"title": "Heavy Balloon ", "position": 9, "duration": "3:26", "album": 188}}, {"model": "music.track", "pk": 437, "fields": {"title": "Cosmonauts", "position": 10, "duration": "3:59", "album": 188}}, {"model": "music.track", "pk": 438, "fields": {"title": "For Her", "position": 11, "duration": "2:44", "album": 188}}, {"model": "music.track", "pk": 439, "fields": {"title": "Drumset", "position": 12, "duration": "2:40", "album": 188}}, {"model": "music.track", "pk": 440, "fields": {"title": "On I Go", "position": 13, "duration": "3:09", "album": 188}}, {"model": "music.track", "pk": 441, "fields": {"title": "Regalis Apertura", "position": 1, "duration": "1:57", "album": 215}}, {"model": "music.track", "pk": 442, "fields": {"title": "Forever", "position": 2, "duration": "4:07", "album": 215}}, {"model": "music.track", "pk": 443, "fields": {"title": "Wings Of Despair", "position": 3, "duration": "4:32", "album": 215}}, {"model": "music.track", "pk": 444, "fields": {"title": "The Spell", "position": 4, "duration": "4:20", "album": 215}}, {"model": "music.track", "pk": 445, "fields": {"title": "Don't You Cry", "position": 5, "duration": "4:18", "album": 215}}, {"model": "music.track", "pk": 446, "fields": {"title": "Karma", "position": 6, "duration": "5:12", "album": 215}}, {"model": "music.track", "pk": 447, "fields": {"title": "The Light I Shine On You", "position": 7, "duration": "4:15", "album": 215}}, {"model": "music.track", "pk": 448, "fields": {"title": "Temples Of Gold", "position": 8, "duration": "4:11", "album": 215}}, {"model": "music.track", "pk": 449, "fields": {"title": "Across The Highlands", "position": 9, "duration": "3:46", "album": 215}}, {"model": "music.track", "pk": 450, "fields": {"title": "Elizabeth", "position": 10, "duration": "", "album": 215}}, {"model": "music.track", "pk": 451, "fields": {"title": "i. Mirror Mirror", "position": 11, "duration": "4:22", "album": 215}}, {"model": "music.track", "pk": 452, "fields": {"title": "ii. Requiem For The Innocent", "position": 12, "duration": "3:46", "album": 215}}, {"model": "music.track", "pk": 453, "fields": {"title": "iii. Fall From Grace", "position": 13, "duration": "11:01", "album": 215}}, {"model": "music.review", "pk": 11, "fields": {"creator": 20, "album": 248, "created_at": "2023-06-20T09:45:12Z", "modified_at": "2023-06-23T12:54:10.672Z", "text": "When We All Fall Asleep, Where Do We Go? is an amazing album by Billie Eilish. It showcases her unique style and captivating vocals. The songs are hauntingly beautiful, and the lyrics are deep and introspective. I can't stop listening to it!", "rating": 9}}, {"model": "music.review", "pk": 12, "fields": {"creator": 14, "album": 275, "created_at": "2023-06-20T12:30:05Z", "modified_at": "2023-06-20T12:30:05Z", "text": "Call Me If You Get Lost is a masterpiece by Tyler, The Creator. The album is a blend of different genres and has a unique storytelling approach. Tyler's creativity and lyricism shine throughout the tracks. It's definitely a must-listen!", "rating": 10}}, {"model": "music.review", "pk": 13, "fields": {"creator": 15, "album": 246, "created_at": "2023-06-20T15:20:22Z", "modified_at": "2023-06-20T15:20:22Z", "text": "Music To Be Murdered By is another incredible album by Eminem. His lyrical prowess and wordplay are unmatched. The album features a mix of intense tracks and introspective songs. Eminem proves once again why he's a rap legend.", "rating": 9}}, {"model": "music.review", "pk": 14, "fields": {"creator": 13, "album": 28, "created_at": "2023-06-20T18:05:57Z", "modified_at": "2023-06-23T12:55:07.824Z", "text": "Quadrophenia by The Who is a classic rock album that tells a captivating story. The music is energetic, and the lyrics are deeply meaningful. It's an immersive experience that every rock fan should have.", "rating": 8}}, {"model": "music.review", "pk": 15, "fields": {"creator": 19, "album": 272, "created_at": "2023-06-21T09:15:39Z", "modified_at": "2023-06-23T12:54:03.722Z", "text": "Igor by Tyler, The Creator is a groundbreaking album that pushes boundaries. The production is top-notch, and Tyler's artistry shines through every track. It's a sonic journey that I can't recommend enough.", "rating": 10}}, {"model": "music.review", "pk": 16, "fields": {"creator": 18, "album": 115, "created_at": "2023-06-21T12:40:18Z", "modified_at": "2023-06-21T12:40:18Z", "text": "Invasion Of Privacy by Cardi B is a fierce and empowering album. Cardi B's confident delivery and catchy beats make this album a hit. It's a perfect blend of rap and pop that will get you hyped up.", "rating": 8}}, {"model": "music.review", "pk": 17, "fields": {"creator": 14, "album": 300, "created_at": "2023-06-21T15:25:04Z", "modified_at": "2023-06-23T12:55:00.680Z", "text": "Hollywood's Bleeding by Post Malone is a fantastic album that showcases his versatility. The songs range from introspective to upbeat, and Post Malone's vocals are captivating. It's definitely worth a listen.", "rating": 9}}, {"model": "music.review", "pk": 18, "fields": {"creator": 20, "album": 106, "created_at": "2023-06-21T18:55:30Z", "modified_at": "2023-06-21T18:55:30Z", "text": "Villains by Queens Of The Stone Age is a rock album that packs a punch. The guitar riffs are powerful, and the vocals are gritty. It's a headbanger from start to finish!", "rating": 8}}, {"model": "music.review", "pk": 19, "fields": {"creator": 12, "album": 175, "created_at": "2023-06-22T10:10:55Z", "modified_at": "2023-06-22T10:10:55Z", "text": "Goodbye & Good Riddance by Juice WRLD is an emotional and raw album. The lyrics are relatable, and Juice WRLD's melodies are catchy. It's a bittersweet listening experience.", "rating": 7}}, {"model": "music.review", "pk": 20, "fields": {"creator": 13, "album": 180, "created_at": "2023-06-22T13:40:28Z", "modified_at": "2023-06-22T13:40:28Z", "text": "Ungodly Hour by Chloe x Halle is a stunning R&B album. The harmonies are mesmerizing, and the production is top-notch. Chloe x Halle's talent shines through every track.", "rating": 9}}, {"model": "music.review", "pk": 21, "fields": {"creator": 14, "album": 188, "created_at": "2023-06-22T16:15:37Z", "modified_at": "2023-06-22T16:15:37Z", "text": "Fetch The Bolt Cutters by Fiona Apple is a bold and experimental album. Fiona's vocals are powerful, and the lyrics are thought-provoking. It's an album that demands your attention.", "rating": 9}}, {"model": "music.review", "pk": 22, "fields": {"creator": 15, "album": 264, "created_at": "2023-06-22T19:30:12Z", "modified_at": "2023-06-22T19:30:12Z", "text": "Kiwanuka by Michael Kiwanuka is a soulful and introspective album. The songs are beautifully crafted, and Michael's voice is captivating. It's a perfect album to relax and unwind to.", "rating": 8}}, {"model": "music.review", "pk": 23, "fields": {"creator": 13, "album": 201, "created_at": "2023-06-22T22:05:49Z", "modified_at": "2023-06-23T12:54:46.959Z", "text": "Ag├╝ita by Gabriel Garz├│n-Montano is a mesmerizing album that blends different genres seamlessly. The music is rich and layered, and Gabriel's vocals are soothing. It's a hidden gem worth exploring.", "rating": 8}}, {"model": "music.review", "pk": 24, "fields": {"creator": 17, "album": 248, "created_at": "2023-06-20T09:45:22Z", "modified_at": "2023-06-23T12:54:35.230Z", "text": "When We All Fall Asleep, Where Do We Go? is a captivating album by Billie Eilish. It showcases her unique style and powerful vocals. The songs are hauntingly beautiful and the production is top-notch. Highly recommended!", "rating": 9}}, {"model": "music.review", "pk": 25, "fields": {"creator": 14, "album": 275, "created_at": "2023-06-20T12:20:15Z", "modified_at": "2023-06-20T12:20:15Z", "text": "Call Me If You Get Lost by Tyler, The Creator is a masterpiece. The album takes you on a journey with its seamless blend of different genres and clever storytelling. Tyler's lyrics are raw and honest. A must-listen for any music enthusiast.", "rating": 10}}, {"model": "music.review", "pk": 26, "fields": {"creator": 15, "album": 246, "created_at": "2023-06-20T14:55:07Z", "modified_at": "2023-06-20T14:55:07Z", "text": "Music To Be Murdered By by Eminem, Slim Shady is a rap masterpiece. Eminem's lyrical prowess is on full display, and the album's production is fantastic. It's intense, thought-provoking, and showcases Eminem's growth as an artist.", "rating": 9}}, {"model": "music.review", "pk": 27, "fields": {"creator": 16, "album": 28, "created_at": "2023-06-20T17:30:55Z", "modified_at": "2023-06-20T17:30:55Z", "text": "Quadrophenia by The Who is a classic rock album that stands the test of time. The band's musical talent shines through, and the storytelling is engaging. It's a must-listen for any rock music lover.", "rating": 8}}, {"model": "music.review", "pk": 28, "fields": {"creator": 17, "album": 272, "created_at": "2023-06-21T10:15:41Z", "modified_at": "2023-06-23T12:54:18.805Z", "text": "Igor by Tyler, The Creator is a groundbreaking album. It pushes the boundaries of hip-hop and showcases Tyler's artistic evolution. The production is outstanding, and the album has a unique and cohesive sound.", "rating": 9}}, {"model": "music.review", "pk": 29, "fields": {"creator": 19, "album": 115, "created_at": "2023-06-21T13:05:32Z", "modified_at": "2023-06-23T12:54:28.919Z", "text": "Invasion Of Privacy by Cardi B is a powerful and confident debut album. Cardi B's charisma shines through her music, and the album features catchy beats and strong lyrical delivery. Highly recommended for fans of hip-hop and rap.", "rating": 8}}, {"model": "music.review", "pk": 30, "fields": {"creator": 19, "album": 300, "created_at": "2023-06-21T15:50:28Z", "modified_at": "2023-06-21T15:50:28Z", "text": "Hollywood's Bleeding by Post Malone is a genre-blending album that showcases his versatility as an artist. The album features a mix of catchy pop tracks and introspective songs. Post Malone's melodic hooks are incredibly infectious.", "rating": 9}}, {"model": "music.review", "pk": 31, "fields": {"creator": 20, "album": 106, "created_at": "2023-06-21T18:25:19Z", "modified_at": "2023-06-21T18:25:19Z", "text": "Villains by Queens Of The Stone Age is a hard-hitting rock album that delivers a punch. The band's energy is infectious, and the guitar riffs are killer. It's a must-listen for fans of rock and roll.", "rating": 9}}, {"model": "music.review", "pk": 32, "fields": {"creator": 12, "album": 175, "created_at": "2023-06-22T09:10:57Z", "modified_at": "2023-06-22T09:10:57Z", "text": "Goodbye & Good Riddance by Juice WRLD is a powerful and emotionally charged album. Juice WRLD's lyrics resonate with listeners, and the album showcases his talent as a rapper and singer. A heartfelt and impactful project.", "rating": 8}}, {"model": "music.review", "pk": 33, "fields": {"creator": 13, "album": 180, "created_at": "2023-06-22T12:45:42Z", "modified_at": "2023-06-22T12:45:42Z", "text": "Ungodly Hour by Chloe x Halle is a refreshing and empowering R&B album. The duo's vocals are angelic, and the production is top-notch. The album has a cohesive sound and delivers meaningful messages.", "rating": 9}}, {"model": "music.review", "pk": 34, "fields": {"creator": 14, "album": 188, "created_at": "2023-06-22T15:20:35Z", "modified_at": "2023-06-22T15:20:35Z", "text": "Fetch The Bolt Cutters by Fiona Apple is a bold and experimental album. Fiona Apple's vocals are captivating, and the album's lyrics are introspective and thought-provoking. A truly unique musical experience.", "rating": 9}}, {"model": "music.review", "pk": 35, "fields": {"creator": 15, "album": 264, "created_at": "2023-06-22T17:55:28Z", "modified_at": "2023-06-22T17:55:28Z", "text": "Kiwanuka by Michael Kiwanuka is a soulful and powerful album. Michael's voice is rich and emotive, and the album's instrumentation is superb. Each track tells a story and leaves a lasting impact.", "rating": 8}}, {"model": "music.review", "pk": 36, "fields": {"creator": 16, "album": 201, "created_at": "2023-06-22T20:30:14Z", "modified_at": "2023-06-22T20:30:14Z", "text": "Ag├╝ita by Gabriel Garz├│n-Montano is a mesmerizing blend of R&B, funk, and soul. The album is beautifully crafted, and Gabriel's vocals are smooth and captivating. A must-listen for fans of soulful music.", "rating": 9}}, {"model": "music.review", "pk": 37, "fields": {"creator": 16, "album": 197, "created_at": "2023-06-20T10:15:00Z", "modified_at": "2023-06-23T12:55:20.697Z", "text": "Eternal Atake is a fantastic album by Lil Uzi Vert. It showcases his unique style and captivating beats. Each track has its own charm, making it a must-listen for hip-hop fans.", "rating": 9}}, {"model": "music.review", "pk": 38, "fields": {"creator": 14, "album": 139, "created_at": "2023-06-20T11:30:00Z", "modified_at": "2023-06-20T11:30:00Z", "text": "Honestly, Nevermind by Drake is a solid release. The album has a great mix of catchy beats and introspective lyrics. It's definitely worth a listen.", "rating": 7}}, {"model": "music.review", "pk": 39, "fields": {"creator": 15, "album": 250, "created_at": "2023-06-20T12:45:00Z", "modified_at": "2023-06-20T12:45:00Z", "text": "Jaime by Brittany Howard is a masterpiece. The album showcases her powerful vocals and raw emotions. It's a soulful journey that shouldn't be missed.", "rating": 10}}, {"model": "music.review", "pk": 40, "fields": {"creator": 16, "album": 217, "created_at": "2023-06-20T14:00:00Z", "modified_at": "2023-06-20T14:00:00Z", "text": "Notes On A Conditional Form is a unique album by The 1975. It explores various musical styles and themes, showcasing the band's versatility. The album features catchy hooks and thought-provoking lyrics that leave a lasting impression. I highly recommend giving it a listen.", "rating": 8}}, {"model": "music.review", "pk": 41, "fields": {"creator": 17, "album": 177, "created_at": "2023-06-20T15:15:00Z", "modified_at": "2023-06-20T15:15:00Z", "text": "Folklore by Taylor Swift is a mesmerizing album. It showcases her storytelling ability and mature songwriting. The melodies are hauntingly beautiful, making it a standout release.", "rating": 9}}, {"model": "music.review", "pk": 42, "fields": {"creator": 18, "album": 161, "created_at": "2023-06-21T10:30:00Z", "modified_at": "2023-06-21T10:30:00Z", "text": "El Dorado by Shakira is a vibrant album with infectious beats. It's a perfect blend of Latin and pop influences that will get you dancing. Highly recommended for fans of catchy music.", "rating": 8}}, {"model": "music.review", "pk": 43, "fields": {"creator": 19, "album": 257, "created_at": "2023-06-21T11:45:00Z", "modified_at": "2023-06-21T11:45:00Z", "text": "Athena by Sudan Archives is a refreshing and experimental album. It pushes boundaries with its unique blend of electronic and traditional sounds. Prepare to be captivated by this musical journey.", "rating": 9}}, {"model": "music.review", "pk": 44, "fields": {"creator": 20, "album": 123, "created_at": "2023-06-21T13:00:00Z", "modified_at": "2023-06-21T13:00:00Z", "text": "Nothing Was The Same by Drake is a classic hip-hop album. It showcases his lyrical prowess and smooth flow. This album is a must-have for any Drake fan.", "rating": 8}}, {"model": "music.review", "pk": 45, "fields": {"creator": 12, "album": 220, "created_at": "2023-06-22T09:15:00Z", "modified_at": "2023-06-23T12:55:28.115Z", "text": "Eminem Is Back by Eminem is a powerful comeback. The album showcases his technical skills and hard-hitting lyrics. It's a must-listen for fans of rap music.", "rating": 7}}, {"model": "music.review", "pk": 46, "fields": {"creator": 13, "album": 199, "created_at": "2023-06-22T10:30:00Z", "modified_at": "2023-06-22T10:30:00Z", "text": "Set My Heart On Fire Immediately by Perfume Genius is a hauntingly beautiful album. It's filled with introspective lyrics and atmospheric melodies that will leave you mesmerized.", "rating": 9}}, {"model": "music.review", "pk": 47, "fields": {"creator": 14, "album": 189, "created_at": "2023-06-22T11:45:00Z", "modified_at": "2023-06-22T11:45:00Z", "text": "Gaslighter by Dixie Chicks is a powerful and empowering album. The songs are filled with emotion and meaningful lyrics. It's a must-listen for anyone who appreciates great storytelling through music.", "rating": 8}}, {"model": "music.review", "pk": 48, "fields": {"creator": 20, "album": 282, "created_at": "2023-06-22T13:00:00Z", "modified_at": "2023-06-23T12:54:15.370Z", "text": "Endless Summer Vacation by Miley Cyrus is a fun and upbeat album. It's perfect for the sunny days and will make you want to hit the beach. Enjoy the carefree vibes of this release.", "rating": 7}}, {"model": "music.review", "pk": 49, "fields": {"creator": 16, "album": 215, "created_at": "2023-06-22T14:15:00Z", "modified_at": "2023-06-22T14:15:00Z", "text": "Karma by Kamelot is a symphonic metal masterpiece. The album combines powerful vocals, intricate instrumentals, and epic storytelling. Prepare to be blown away by this epic release.", "rating": 10}}]
